OrderID,CustomerID,ProductID,RegionID,OrderDate,Quantity,UnitPrice,Discount,Channel,OrderStatus,Revenue,Profit
O0724,C020,P001,R02,2023-01-01,8,89999,0.04,Retail Store,Cancelled,691192.32,215032.32
O0127,C026,P033,R07,2023-01-02,4,2999,0.06,Direct Sales,Cancelled,11276.24,5636.24
O0115,C005,P011,R01,2023-01-03,10,7999,0.07,Direct Sales,Pending,74390.7,32540.7
O0552,C031,P025,R09,2023-01-05,6,7999,0.08,Online,Delivered,44154.48,19314.48
O0370,C007,P006,R02,2023-01-06,5,1499,0.12,Wholesale,Delivered,6595.6,3075.6
O0625,C008,P035,R02,2023-01-07,10,1799,0.1,Online,Delivered,16191.0,8091.0
O0047,C020,P034,R02,2023-01-09,2,799,0.15,Wholesale,Delivered,1358.3,678.3
O0151,C026,P018,R07,2023-01-09,8,2499,0.1,Online,Delivered,17992.8,9352.8
O0455,C006,P030,R01,2023-01-09,10,2199,0.1,Wholesale,Delivered,19791.0,8991.0
O0044,C021,P005,R05,2023-01-10,10,24999,0.08,Direct Sales,Delivered,229990.8,101190.8
O0405,C004,P023,R03,2023-01-10,7,329,0.05,Direct Sales,Cancelled,2187.85,990.85
O0705,C010,P031,R02,2023-01-10,3,699,0.05,Retail Store,Returned,1992.15,994.65
O0742,C026,P016,R07,2023-01-10,8,2199,0.08,Online,Returned,16184.64,8088.64
O0679,C032,P029,R10,2023-01-11,9,2599,0.07,Retail Store,Delivered,21753.63,10035.63
O0373,C021,P025,R05,2023-01-13,2,7999,0.11,Wholesale,Returned,14238.22,6228.22
O0437,C005,P034,R01,2023-01-13,3,799,0.15,Wholesale,Pending,2037.45,1017.45
O0903,C001,P005,R03,2023-01-13,2,24999,0.05,Direct Sales,Returned,47498.1,20898.1
O0990,C025,P024,R05,2023-01-13,5,175,0.11,Wholesale,Pending,778.75,378.25
O0785,C010,P019,R02,2023-01-15,2,599,0.13,Wholesale,Delivered,1042.26,433.26
O0035,C004,P035,R03,2023-01-16,4,1799,0.11,Online,Delivered,6404.44,3200.44
O0741,C028,P021,R08,2023-01-16,10,149,0.07,Retail Store,Delivered,1385.7,641.7
O0346,C015,P010,R04,2023-01-17,10,65999,0.12,Wholesale,Cancelled,580791.2,193591.2
O0353,C031,P032,R09,2023-01-17,7,1599,0.08,Online,Delivered,10297.56,5145.56
O0291,C008,P013,R02,2023-01-20,3,3499,0.06,Direct Sales,Pending,9867.18,4791.18
O0913,C017,P029,R03,2023-01-20,1,2599,0.05,Direct Sales,Delivered,2469.05,1139.05
O0089,C016,P013,R02,2023-01-21,8,3499,0.03,Retail Store,Returned,27152.24,13184.24
O0709,C017,P023,R03,2023-01-21,10,329,0.05,Direct Sales,Delivered,3125.5,1415.5
O0322,C030,P020,R09,2023-01-23,1,299,0.06,Direct Sales,Returned,281.06,130.66
O0786,C029,P031,R08,2023-01-24,9,699,0.1,Wholesale,Delivered,5661.9,2826.9
O0852,C034,P020,R01,2023-01-24,4,299,0.13,Wholesale,Delivered,1040.52,483.72
O0159,C015,P031,R04,2023-01-26,4,699,0.14,Wholesale,Returned,2404.56,1200.56
O0985,C008,P020,R02,2023-01-26,4,299,0.08,Direct Sales,Pending,1100.32,511.52
O0121,C021,P017,R05,2023-01-27,10,5999,0.06,Online,Cancelled,56390.6,26310.6
O0372,C027,P007,R07,2023-01-27,2,89999,0.07,Online,Cancelled,167398.14,65098.14
O0060,C035,P022,R03,2023-01-29,5,110,0.1,Online,Delivered,495.0,225.0
O0531,C006,P019,R01,2023-01-29,10,599,0.04,Direct Sales,Delivered,5750.4,2390.4
O0098,C025,P022,R05,2023-01-30,3,110,0.09,Direct Sales,Pending,300.3,136.5
O0186,C002,P018,R01,2023-01-30,5,2499,0.04,Retail Store,Delivered,11995.2,6235.2
O0396,C028,P026,R08,2023-01-30,7,3299,0.05,Retail Store,Pending,21938.35,9968.35
O0366,C026,P021,R07,2023-01-31,8,149,0.14,Wholesale,Pending,1025.12,474.72
O0250,C033,P011,R10,2023-02-01,8,7999,0.07,Retail Store,Delivered,59512.56,26032.56
O0844,C010,P018,R02,2023-02-01,9,2499,0.15,Wholesale,Delivered,19117.35,9937.35
O0411,C016,P020,R02,2023-02-03,2,299,0.06,Direct Sales,Pending,562.12,261.32
O0720,C011,P002,R03,2023-02-05,6,119999,0.14,Wholesale,Pending,619194.84,180594.84
O0052,C010,P035,R02,2023-02-06,3,1799,0.12,Wholesale,Pending,4749.36,2373.36
O0584,C026,P027,R07,2023-02-06,10,43999,0.1,Online,Cancelled,395991.0,143991.0
O0921,C013,P009,R02,2023-02-06,10,52999,0.02,Retail Store,Delivered,519390.2,146990.2
O0925,C015,P005,R04,2023-02-07,1,24999,0.05,Retail Store,Pending,23749.05,10449.05
O0207,C030,P029,R09,2023-02-08,5,2599,0.07,Online,Delivered,12085.35,5575.35
O0305,C015,P035,R04,2023-02-08,3,1799,0.05,Retail Store,Delivered,5127.15,2562.15
O0772,C007,P020,R02,2023-02-08,1,299,0.04,Direct Sales,Delivered,287.04,133.44
O0884,C024,P003,R06,2023-02-08,2,64999,0.08,Direct Sales,Cancelled,119598.16,31278.16
O0759,C018,P034,R04,2023-02-11,2,799,0.1,Online,Delivered,1438.2,718.2
O0630,C010,P008,R02,2023-02-12,7,59999,0.08,Online,Cancelled,386393.56,115913.56
O0809,C028,P026,R08,2023-02-12,7,3299,0.08,Direct Sales,Cancelled,21245.56,9653.56
O0979,C016,P008,R02,2023-02-12,8,59999,0.12,Wholesale,Delivered,422392.96,126712.96
O0360,C007,P034,R02,2023-02-13,10,799,0.03,Retail Store,Pending,7750.3,3870.3
O0754,C034,P005,R01,2023-02-14,1,24999,0.03,Retail Store,Delivered,24249.03,10669.03
O0393,C005,P020,R01,2023-02-15,6,299,0.05,Online,Returned,1704.3,792.3
O0450,C033,P001,R10,2023-02-15,8,89999,0.06,Online,Delivered,676792.48,210552.48
O0509,C012,P029,R01,2023-02-15,5,2599,0.12,Wholesale,Delivered,11435.6,5275.6
O0851,C001,P020,R03,2023-02-15,1,299,0.07,Online,Delivered,278.07,129.27
O0954,C001,P027,R03,2023-02-15,9,43999,0.11,Online,Delivered,352431.99,128151.99
O0269,C002,P006,R01,2023-02-16,10,1499,0.13,Wholesale,Pending,13041.3,6081.3
O0323,C014,P005,R01,2023-02-16,2,24999,0.06,Direct Sales,Cancelled,46998.12,20678.12
O0555,C011,P005,R03,2023-02-16,8,24999,0.15,Wholesale,Returned,169993.2,74793.2
O0837,C027,P027,R07,2023-02-16,4,43999,0.11,Wholesale,Delivered,156636.44,56956.44
O0016,C032,P006,R10,2023-02-18,3,1499,0.06,Online,Returned,4227.18,1971.18
O0233,C020,P008,R02,2023-02-18,10,59999,0.05,Retail Store,Pending,569990.5,170990.5
O0827,C022,P006,R05,2023-02-20,3,1499,0.08,Online,Delivered,4137.24,1929.24
O0167,C014,P002,R01,2023-02-21,3,119999,0.1,Wholesale,Cancelled,323997.3,94497.3
O0275,C010,P007,R02,2023-02-21,10,89999,0.15,Wholesale,Pending,764991.5,297491.5
O0581,C022,P018,R05,2023-02-21,7,2499,0.05,Retail Store,Pending,16618.35,8638.35
O0896,C017,P008,R03,2023-02-23,8,59999,0.05,Retail Store,Delivered,455992.4,136792.4
O0789,C013,P018,R02,2023-02-24,1,2499,0.08,Direct Sales,Delivered,2299.08,1195.08
O0547,C020,P027,R02,2023-02-25,4,43999,0.03,Retail Store,Delivered,170716.12,62076.12
O0774,C001,P025,R03,2023-02-25,6,7999,0.12,Wholesale,Cancelled,42234.72,18474.72
O0967,C028,P018,R08,2023-02-25,8,2499,0.07,Online,Pending,18592.56,9664.56
O0012,C015,P021,R04,2023-02-27,6,149,0.07,Retail Store,Pending,831.42,385.02
O0735,C006,P010,R01,2023-02-27,2,65999,0.14,Wholesale,Cancelled,113518.28,37838.28
O0842,C030,P027,R09,2023-02-27,6,43999,0.12,Wholesale,Cancelled,232314.72,84474.72
O0923,C003,P022,R02,2023-02-27,1,110,0.14,Wholesale,Pending,94.6,43.0
O0040,C034,P011,R01,2023-02-28,2,7999,0.1,Online,Cancelled,14398.2,6298.2
O0338,C010,P030,R02,2023-03-01,9,2199,0.1,Direct Sales,Cancelled,17811.9,8091.9
O0443,C028,P016,R08,2023-03-01,7,2199,0.03,Retail Store,Delivered,14931.21,7462.21
O0744,C022,P004,R05,2023-03-03,9,29999,0.13,Wholesale,Delivered,234892.17,93952.17
O0889,C020,P017,R02,2023-03-04,10,5999,0.07,Direct Sales,Delivered,55790.7,26030.7
O0471,C008,P001,R02,2023-03-05,7,89999,0.03,Retail Store,Delivered,611093.21,190113.21
O0602,C017,P010,R03,2023-03-05,9,65999,0.1,Wholesale,Delivered,534591.9,178191.9
O0795,C033,P018,R10,2023-03-05,1,2499,0.14,Wholesale,Cancelled,2149.14,1117.14
O0875,C009,P019,R03,2023-03-05,1,599,0.14,Wholesale,Delivered,515.14,214.14
O0241,C012,P009,R01,2023-03-06,4,52999,0.04,Direct Sales,Delivered,203516.16,57596.16
O0420,C030,P023,R09,2023-03-06,7,329,0.05,Direct Sales,Delivered,2187.85,990.85
O0922,C032,P025,R10,2023-03-06,8,7999,0.12,Wholesale,Delivered,56312.96,24632.96
O0079,C010,P014,R02,2023-03-07,9,1799,0.06,Direct Sales,Pending,15219.54,7605.54
O0110,C031,P008,R09,2023-03-08,10,59999,0.07,Direct Sales,Returned,557990.7,167390.7
O0863,C032,P002,R10,2023-03-08,8,119999,0.05,Direct Sales,Pending,911992.4,265992.4
O0993,C034,P022,R01,2023-03-09,7,110,0.05,Direct Sales,Returned,731.5,332.5
O0028,C004,P015,R03,2023-03-11,2,6999,0.1,Online,Cancelled,12598.2,6298.2
O0688,C008,P017,R02,2023-03-11,4,5999,0.08,Direct Sales,Returned,22076.32,10300.32
O0910,C012,P029,R01,2023-03-13,4,2599,0.1,Direct Sales,Cancelled,9356.4,4316.4
O0943,C033,P008,R10,2023-03-14,10,59999,0.06,Retail Store,Cancelled,563990.6,169190.6
O0385,C028,P025,R08,2023-03-17,8,7999,0.1,Direct Sales,Cancelled,57592.8,25192.8
O0361,C018,P003,R04,2023-03-18,10,64999,0.14,Wholesale,Returned,558991.4,146191.4
O0472,C006,P017,R01,2023-03-18,4,5999,0.11,Online,Returned,21356.44,9964.44
O0034,C030,P016,R09,2023-03-19,9,2199,0.09,Direct Sales,Delivered,18009.81,9000.81
O0376,C020,P031,R02,2023-03-20,4,699,0.11,Wholesale,Returned,2488.44,1242.44
O0494,C010,P022,R02,2023-03-21,6,110,0.04,Retail Store,Delivered,633.6,288.0
O0771,C026,P014,R07,2023-03-21,3,1799,0.14,Wholesale,Pending,4641.42,2319.42
O0266,C034,P019,R01,2023-03-22,9,599,0.1,Wholesale,Delivered,4851.9,2016.9
O0299,C003,P019,R02,2023-03-22,5,599,0.15,Wholesale,Returned,2545.75,1058.25
O0694,C007,P008,R02,2023-03-22,9,59999,0.08,Direct Sales,Delivered,496791.72,149031.72
O0009,C015,P019,R04,2023-03-23,7,599,0.07,Retail Store,Delivered,3899.49,1620.99
O0918,C035,P022,R03,2023-03-24,5,110,0.09,Direct Sales,Returned,500.5,227.5
O0246,C034,P018,R01,2023-03-26,10,2499,0.04,Direct Sales,Delivered,23990.4,12470.4
O0777,C009,P022,R03,2023-03-26,1,110,0.07,Direct Sales,Cancelled,102.3,46.5
O0956,C032,P016,R10,2023-03-27,7,2199,0.09,Online,Delivered,14007.63,7000.63
O0210,C007,P022,R02,2023-03-28,8,110,0.02,Retail Store,Pending,862.4,392.0
O0658,C002,P019,R01,2023-03-29,8,599,0.05,Retail Store,Pending,4552.4,1892.4
O0778,C026,P017,R07,2023-03-29,3,5999,0.07,Direct Sales,Delivered,16737.21,7809.21
O0784,C024,P010,R06,2023-03-29,4,65999,0.09,Online,Cancelled,240236.36,80076.36
O0097,C021,P016,R05,2023-03-30,4,2199,0.14,Wholesale,Pending,7564.56,3780.56
O0311,C033,P021,R10,2023-03-30,3,149,0.08,Direct Sales,Delivered,411.24,190.44
O0432,C029,P014,R08,2023-03-30,2,1799,0.06,Online,Cancelled,3382.12,1690.12
O0858,C025,P004,R05,2023-03-30,10,29999,0.06,Direct Sales,Cancelled,281990.6,112790.6
O0832,C007,P034,R02,2023-03-31,10,799,0.08,Direct Sales,Returned,7350.8,3670.8
O0429,C015,P025,R04,2023-04-02,6,7999,0.06,Online,Delivered,45114.36,19734.36
O0743,C010,P024,R02,2023-04-02,2,175,0.03,Retail Store,Returned,339.5,164.9
O0157,C026,P024,R07,2023-04-03,9,175,0.04,Direct Sales,Delivered,1512.0,734.4
O0733,C001,P015,R03,2023-04-03,4,6999,0.02,Retail Store,Delivered,27436.08,13716.08
O0188,C010,P002,R02,2023-04-04,8,119999,0.04,Retail Store,Delivered,921592.32,268792.32
O0508,C032,P017,R10,2023-04-04,7,5999,0.05,Direct Sales,Delivered,39893.35,18613.35
O0473,C029,P009,R08,2023-04-05,8,52999,0.1,Wholesale,Delivered,381592.8,107992.8
O0181,C006,P006,R01,2023-04-06,6,1499,0.05,Direct Sales,Delivered,8544.3,3984.3
O0860,C030,P009,R09,2023-04-06,5,52999,0.05,Direct Sales,Returned,251745.25,71245.25
O0769,C033,P010,R10,2023-04-07,3,65999,0.08,Online,Delivered,182157.24,60717.24
O0619,C033,P006,R10,2023-04-09,9,1499,0.08,Retail Store,Cancelled,12411.72,5787.72
O0006,C006,P025,R01,2023-04-10,10,7999,0.14,Wholesale,Delivered,68791.4,30091.4
O0283,C008,P009,R02,2023-04-10,6,52999,0.06,Direct Sales,Cancelled,298914.36,84594.36
O0365,C023,P004,R06,2023-04-11,2,29999,0.05,Direct Sales,Delivered,56998.1,22798.1
O0707,C004,P026,R03,2023-04-12,5,3299,0.02,Retail Store,Pending,16165.1,7345.1
O0106,C034,P019,R01,2023-04-13,6,599,0.04,Retail Store,Delivered,3450.24,1434.24
O0139,C033,P022,R10,2023-04-13,8,110,0.05,Direct Sales,Delivered,836.0,380.0
O0302,C015,P004,R04,2023-04-13,8,29999,0.06,Direct Sales,Delivered,225592.48,90232.48
O0569,C030,P004,R09,2023-04-13,5,29999,0.07,Retail Store,Delivered,139495.35,55795.35
O0498,C035,P025,R03,2023-04-14,10,7999,0.09,Direct Sales,Returned,72790.9,31840.9
O0760,C034,P007,R01,2023-04-14,4,89999,0.05,Retail Store,Delivered,341996.2,132996.2
O0603,C023,P029,R06,2023-04-15,9,2599,0.06,Retail Store,Pending,21987.54,10143.54
O0203,C010,P016,R02,2023-04-16,3,2199,0.04,Retail Store,Cancelled,6333.12,3165.12
O0459,C025,P020,R05,2023-04-17,4,299,0.05,Retail Store,Pending,1136.2,528.2
O0594,C012,P009,R01,2023-04-17,10,52999,0.08,Direct Sales,Delivered,487590.8,137990.8
O0465,C007,P010,R02,2023-04-19,6,65999,0.05,Retail Store,Pending,376194.3,125394.3
O0048,C017,P008,R03,2023-04-20,10,59999,0.04,Retail Store,Delivered,575990.4,172790.4
O0061,C017,P003,R03,2023-04-22,6,64999,0.06,Direct Sales,Pending,366594.36,95874.36
O0387,C035,P006,R03,2023-04-22,6,1499,0.06,Retail Store,Delivered,8454.36,3942.36
O0730,C009,P019,R03,2023-04-24,5,599,0.08,Direct Sales,Returned,2755.4,1145.4
O0963,C024,P004,R06,2023-04-24,10,29999,0.06,Direct Sales,Delivered,281990.6,112790.6
O0971,C011,P018,R03,2023-04-25,4,2499,0.05,Retail Store,Cancelled,9496.2,4936.2
O0409,C032,P033,R10,2023-04-26,9,2999,0.07,Online,Delivered,25101.63,12546.63
O0939,C004,P013,R03,2023-04-26,8,3499,0.06,Retail Store,Pending,26312.48,12776.48
O0564,C008,P019,R02,2023-04-27,10,599,0.08,Online,Delivered,5510.8,2290.8
O0839,C021,P001,R05,2023-04-27,10,89999,0.11,Wholesale,Cancelled,800991.1,249191.1
O0156,C019,P022,R01,2023-04-28,3,110,0.1,Direct Sales,Delivered,297.0,135.0
O0615,C031,P001,R09,2023-04-28,10,89999,0.12,Wholesale,Cancelled,791991.2,246391.2
O0570,C021,P028,R05,2023-04-29,1,1099,0.1,Online,Delivered,989.1,449.1
O0131,C008,P030,R02,2023-05-01,5,2199,0.05,Retail Store,Cancelled,10445.25,4745.25
O0105,C013,P021,R02,2023-05-03,8,149,0.03,Retail Store,Delivered,1156.24,535.44
O0195,C019,P021,R01,2023-05-03,7,149,0.08,Online,Delivered,959.56,444.36
O0608,C012,P033,R01,2023-05-03,5,2999,0.04,Direct Sales,Cancelled,14395.2,7195.2
O0428,C001,P022,R03,2023-05-04,8,110,0.08,Direct Sales,Delivered,809.6,368.0
O0259,C033,P015,R10,2023-05-05,4,6999,0.07,Retail Store,Pending,26036.28,13016.28
O0256,C032,P013,R10,2023-05-06,8,3499,0.07,Retail Store,Delivered,26032.56,12640.56
O0968,C033,P034,R10,2023-05-06,9,799,0.08,Direct Sales,Delivered,6615.72,3303.72
O0817,C021,P011,R05,2023-05-07,8,7999,0.06,Online,Returned,60152.48,26312.48
O0119,C019,P029,R01,2023-05-08,7,2599,0.08,Direct Sales,Delivered,16737.56,7721.56
O0244,C022,P018,R05,2023-05-08,7,2499,0.12,Wholesale,Returned,15393.84,8001.84
O0176,C010,P005,R02,2023-05-10,10,24999,0.13,Wholesale,Cancelled,217491.3,95691.3
O0084,C011,P030,R03,2023-05-11,10,2199,0.1,Online,Cancelled,19791.0,8991.0
O0656,C016,P003,R02,2023-05-11,9,64999,0.03,Retail Store,Delivered,567441.27,148401.27
O0024,C035,P009,R03,2023-05-12,3,52999,0.1,Direct Sales,Delivered,143097.3,40497.3
O0554,C023,P020,R06,2023-05-13,10,299,0.07,Online,Delivered,2780.7,1292.7
O0857,C029,P004,R08,2023-05-14,1,29999,0.08,Online,Delivered,27599.08,11039.08
O0558,C015,P015,R04,2023-05-15,10,6999,0.06,Retail Store,Cancelled,65790.6,32890.6
O0803,C013,P007,R02,2023-05-15,10,89999,0.02,Retail Store,Cancelled,881990.2,342990.2
O0321,C004,P030,R03,2023-05-16,1,2199,0.07,Direct Sales,Cancelled,2045.07,929.07
O0427,C031,P005,R09,2023-05-16,8,24999,0.05,Retail Store,Delivered,189992.4,83592.4
O0891,C018,P017,R04,2023-05-16,5,5999,0.11,Wholesale,Delivered,26695.55,12455.55
O0316,C015,P015,R04,2023-05-17,10,6999,0.05,Direct Sales,Delivered,66490.5,33240.5
O0326,C006,P035,R01,2023-05-17,9,1799,0.1,Wholesale,Pending,14571.9,7281.9
O0430,C009,P025,R03,2023-05-17,10,7999,0.02,Retail Store,Delivered,78390.2,34290.2
O0523,C007,P015,R02,2023-05-18,8,6999,0.15,Wholesale,Delivered,47593.2,23793.2
O0805,C006,P031,R01,2023-05-18,6,699,0.08,Direct Sales,Delivered,3858.48,1926.48
O0830,C019,P031,R01,2023-05-18,5,699,0.09,Online,Delivered,3180.45,1587.95
O0815,C012,P035,R01,2023-05-19,8,1799,0.06,Direct Sales,Delivered,13528.48,6760.48
O0949,C004,P018,R03,2023-05-20,8,2499,0.1,Online,Pending,17992.8,9352.8
O0596,C029,P009,R08,2023-05-22,9,52999,0.08,Direct Sales,Delivered,438831.72,124191.72
O0959,C030,P030,R09,2023-05-22,6,2199,0.05,Direct Sales,Returned,12534.3,5694.3
O0878,C012,P031,R01,2023-05-23,6,699,0.05,Retail Store,Pending,3984.3,1989.3
O0992,C028,P027,R08,2023-05-23,5,43999,0.06,Online,Pending,206795.3,75195.3
O0332,C014,P004,R01,2023-05-24,10,29999,0.1,Wholesale,Delivered,269991.0,107991.0
O0640,C006,P018,R01,2023-05-24,2,2499,0.04,Retail Store,Returned,4798.08,2494.08
O0931,C008,P018,R02,2023-05-25,6,2499,0.05,Direct Sales,Cancelled,14244.3,7404.3
O0118,C010,P018,R02,2023-05-26,5,2499,0.05,Online,Cancelled,11870.25,6170.25
O0391,C006,P008,R01,2023-05-26,8,59999,0.11,Wholesale,Delivered,427192.88,128152.88
O0417,C026,P032,R07,2023-05-26,7,1599,0.13,Wholesale,Pending,9737.91,4865.91
O0460,C032,P004,R10,2023-05-26,4,29999,0.1,Wholesale,Cancelled,107996.4,43196.4
O0885,C031,P006,R09,2023-05-26,2,1499,0.12,Wholesale,Cancelled,2638.24,1230.24
O0548,C027,P030,R07,2023-05-27,3,2199,0.14,Wholesale,Delivered,5673.42,2577.42
O0820,C010,P011,R02,2023-05-29,1,7999,0.07,Retail Store,Pending,7439.07,3254.07
O0826,C023,P003,R06,2023-05-29,10,64999,0.09,Online,Delivered,591490.9,154690.9
O0982,C026,P032,R07,2023-05-29,3,1599,0.1,Direct Sales,Delivered,4317.3,2157.3
O0375,C018,P032,R04,2023-05-30,5,1599,0.06,Online,Pending,7515.3,3755.3
O0072,C026,P016,R07,2023-06-01,2,2199,0.1,Online,Pending,3958.2,1978.2
O0468,C014,P021,R01,2023-06-01,6,149,0.09,Online,Pending,813.54,376.74
O0111,C004,P010,R03,2023-06-02,4,65999,0.1,Wholesale,Delivered,237596.4,79196.4
O0579,C023,P025,R06,2023-06-02,3,7999,0.05,Online,Cancelled,22797.15,9972.15
O0854,C008,P018,R02,2023-06-02,1,2499,0.04,Retail Store,Cancelled,2399.04,1247.04
O0457,C035,P016,R03,2023-06-04,1,2199,0.11,Online,Delivered,1957.11,978.11
O0510,C018,P004,R04,2023-06-04,6,29999,0.06,Online,Cancelled,169194.36,67674.36
O0796,C018,P015,R04,2023-06-05,3,6999,0.14,Wholesale,Delivered,18057.42,9027.42
O0914,C025,P018,R05,2023-06-05,10,2499,0.14,Wholesale,Delivered,21491.4,11171.4
O0021,C033,P013,R10,2023-06-06,9,3499,0.14,Wholesale,Cancelled,27082.26,13150.26
O0347,C027,P019,R07,2023-06-06,7,599,0.04,Retail Store,Cancelled,4025.28,1673.28
O0505,C026,P032,R07,2023-06-07,7,1599,0.07,Online,Delivered,10409.49,5201.49
O0610,C010,P003,R02,2023-06-07,10,64999,0.13,Wholesale,Returned,565491.3,147891.3
O0038,C028,P032,R08,2023-06-08,1,1599,0.04,Retail Store,Cancelled,1535.04,767.04
O0190,C006,P004,R01,2023-06-09,1,29999,0.07,Retail Store,Returned,27899.07,11159.07
O0442,C033,P014,R10,2023-06-09,2,1799,0.11,Wholesale,Delivered,3202.22,1600.22
O0467,C008,P006,R02,2023-06-11,10,1499,0.14,Wholesale,Delivered,12891.4,6011.4
O0681,C016,P001,R02,2023-06-11,7,89999,0.11,Online,Delivered,560693.77,174433.77
O0424,C009,P020,R03,2023-06-12,6,299,0.1,Wholesale,Delivered,1614.6,750.6
O0481,C023,P015,R06,2023-06-13,4,6999,0.06,Online,Delivered,26316.24,13156.24
O0574,C009,P004,R03,2023-06-13,10,29999,0.07,Online,Pending,278990.7,111590.7
O0226,C019,P006,R01,2023-06-14,9,1499,0.12,Wholesale,Delivered,11872.08,5536.08
O0609,C017,P009,R03,2023-06-14,8,52999,0.09,Wholesale,Returned,385832.72,109192.72
O0675,C022,P004,R05,2023-06-14,1,29999,0.1,Direct Sales,Delivered,26999.1,10799.1
O0265,C020,P011,R02,2023-06-15,4,7999,0.15,Wholesale,Delivered,27196.6,11896.6
O0958,C031,P020,R09,2023-06-15,10,299,0.09,Direct Sales,Delivered,2720.9,1264.9
O0010,C030,P024,R09,2023-06-16,5,175,0.11,Wholesale,Returned,778.75,378.25
O0055,C010,P016,R02,2023-06-16,1,2199,0.07,Retail Store,Delivered,2045.07,1022.07
O0220,C025,P010,R05,2023-06-16,10,65999,0.07,Retail Store,Delivered,613790.7,204590.7
O0286,C021,P021,R05,2023-06-16,5,149,0.1,Direct Sales,Cancelled,670.5,310.5
O0727,C026,P016,R07,2023-06-17,4,2199,0.09,Direct Sales,Delivered,8004.36,4000.36
O0589,C007,P003,R02,2023-06-18,7,64999,0.05,Direct Sales,Delivered,432243.35,113043.35
O0580,C031,P032,R09,2023-06-19,6,1599,0.1,Online,Delivered,8634.6,4314.6
O0248,C029,P028,R08,2023-06-20,1,1099,0.06,Direct Sales,Returned,1033.06,469.06
O0497,C029,P027,R08,2023-06-20,7,43999,0.07,Direct Sales,Delivered,286433.49,104153.49
O0657,C010,P004,R02,2023-06-20,9,29999,0.15,Wholesale,Pending,229492.35,91792.35
O0660,C033,P017,R10,2023-06-21,10,5999,0.15,Wholesale,Cancelled,50991.5,23791.5
O0349,C032,P030,R10,2023-06-22,9,2199,0.1,Wholesale,Pending,17811.9,8091.9
O0374,C016,P034,R02,2023-06-23,5,799,0.05,Direct Sales,Delivered,3795.25,1895.25
O0856,C019,P016,R01,2023-06-25,6,2199,0.07,Online,Cancelled,12270.42,6132.42
O0294,C025,P021,R05,2023-06-27,6,149,0.09,Direct Sales,Cancelled,813.54,376.74
O0171,C021,P002,R05,2023-06-28,7,119999,0.09,Wholesale,Cancelled,764393.63,222943.63
O0964,C024,P024,R06,2023-06-29,4,175,0.08,Online,Delivered,644.0,312.8
O0994,C018,P027,R04,2023-06-29,3,43999,0.08,Direct Sales,Delivered,121437.24,44157.24
O0204,C010,P005,R02,2023-07-01,10,24999,0.07,Direct Sales,Cancelled,232490.7,102290.7
O0487,C009,P022,R03,2023-07-01,3,110,0.09,Wholesale,Cancelled,300.3,136.5
O0020,C017,P033,R03,2023-07-02,5,2999,0.1,Online,Returned,13495.5,6745.5
O0947,C014,P030,R01,2023-07-02,8,2199,0.06,Direct Sales,Returned,16536.48,7512.48
O0451,C025,P010,R05,2023-07-03,7,65999,0.08,Online,Delivered,425033.56,141673.56
O0672,C027,P031,R07,2023-07-03,8,699,0.12,Wholesale,Delivered,4920.96,2456.96
O0970,C006,P026,R01,2023-07-03,2,3299,0.15,Wholesale,Delivered,5608.3,2548.3
O0187,C023,P001,R06,2023-07-05,7,89999,0.05,Retail Store,Delivered,598493.35,186193.35
O0978,C035,P019,R03,2023-07-06,3,599,0.07,Retail Store,Delivered,1671.21,694.71
O0862,C024,P026,R06,2023-07-07,6,3299,0.14,Wholesale,Pending,17022.84,7734.84
O0254,C008,P002,R02,2023-07-10,9,119999,0.07,Direct Sales,Delivered,1004391.63,292941.63
O0306,C026,P032,R07,2023-07-10,1,1599,0.14,Wholesale,Delivered,1375.14,687.14
O0403,C025,P028,R05,2023-07-10,3,1099,0.08,Direct Sales,Cancelled,3033.24,1377.24
O0792,C035,P006,R03,2023-07-10,8,1499,0.05,Retail Store,Cancelled,11392.4,5312.4
O0371,C009,P006,R03,2023-07-11,9,1499,0.07,Direct Sales,Cancelled,12546.63,5850.63
O0398,C007,P035,R02,2023-07-11,8,1799,0.11,Wholesale,Delivered,12808.88,6400.88
O0475,C023,P014,R06,2023-07-11,3,1799,0.11,Wholesale,Delivered,4803.33,2400.33
O0341,C003,P005,R02,2023-07-12,6,24999,0.05,Retail Store,Delivered,142494.3,62694.3
O0557,C032,P023,R10,2023-07-12,7,329,0.08,Retail Store,Delivered,2118.76,959.56
O0590,C017,P013,R03,2023-07-12,7,3499,0.11,Online,Delivered,21798.77,10584.77
O0973,C002,P019,R01,2023-07-13,4,599,0.05,Online,Cancelled,2276.2,946.2
O0166,C026,P018,R07,2023-07-14,8,2499,0.11,Online,Delivered,17792.88,9248.88
O0342,C001,P014,R03,2023-07-14,8,1799,0.09,Online,Delivered,13096.72,6544.72
O0553,C021,P034,R05,2023-07-15,4,799,0.09,Online,Delivered,2908.36,1452.36
O0736,C031,P012,R09,2023-07-16,1,13999,0.14,Wholesale,Delivered,12039.14,5159.14
O0755,C007,P032,R02,2023-07-16,7,1599,0.05,Online,Returned,10633.35,5313.35
O0514,C011,P014,R03,2023-07-17,2,1799,0.02,Retail Store,Returned,3526.04,1762.04
O0527,C002,P012,R01,2023-07-17,4,13999,0.07,Retail Store,Delivered,52076.28,22316.28
O0607,C035,P013,R03,2023-07-18,2,3499,0.12,Wholesale,Delivered,6158.24,2990.24
O0840,C002,P012,R01,2023-07-18,8,13999,0.14,Wholesale,Pending,96313.12,41273.12
O0070,C020,P015,R02,2023-07-23,4,6999,0.02,Retail Store,Pending,27436.08,13716.08
O0092,C025,P026,R05,2023-07-23,4,3299,0.09,Online,Delivered,12008.36,5456.36
O0284,C024,P010,R06,2023-07-23,1,65999,0.07,Direct Sales,Delivered,61379.07,20459.07
O0944,C021,P027,R05,2023-07-23,2,43999,0.1,Wholesale,Delivered,79198.2,28798.2
O0224,C027,P011,R07,2023-07-24,1,7999,0.07,Retail Store,Returned,7439.07,3254.07
O0506,C019,P031,R01,2023-07-24,3,699,0.05,Online,Returned,1992.15,994.65
O0597,C021,P014,R05,2023-07-25,5,1799,0.06,Retail Store,Returned,8455.3,4225.3
O0300,C031,P014,R09,2023-07-26,5,1799,0.15,Wholesale,Delivered,7645.75,3820.75
O0565,C017,P034,R03,2023-07-26,5,799,0.13,Wholesale,Delivered,3475.65,1735.65
O0319,C004,P033,R03,2023-07-27,9,2999,0.03,Retail Store,Pending,26181.27,13086.27
O0693,C014,P015,R01,2023-07-27,6,6999,0.07,Retail Store,Delivered,39054.42,19524.42
O0194,C004,P001,R03,2023-07-29,3,89999,0.15,Wholesale,Delivered,229497.45,71397.45
O0397,C001,P014,R03,2023-07-30,2,1799,0.14,Wholesale,Cancelled,3094.28,1546.28
O0850,C034,P009,R01,2023-07-30,9,52999,0.08,Online,Delivered,438831.72,124191.72
O0873,C029,P013,R08,2023-07-30,5,3499,0.11,Wholesale,Pending,15570.55,7560.55
O0980,C024,P012,R06,2023-07-30,6,13999,0.09,Online,Delivered,76434.54,32754.54
O0080,C027,P004,R07,2023-07-31,10,29999,0.06,Direct Sales,Returned,281990.6,112790.6
O0855,C033,P007,R10,2023-07-31,5,89999,0.12,Wholesale,Delivered,395995.6,153995.6
O0293,C009,P034,R03,2023-08-01,8,799,0.15,Wholesale,Cancelled,5433.2,2713.2
O0566,C003,P032,R02,2023-08-01,1,1599,0.06,Direct Sales,Delivered,1503.06,751.06
O0757,C005,P001,R01,2023-08-02,2,89999,0.1,Direct Sales,Pending,161998.2,50398.2
O0843,C035,P002,R03,2023-08-02,6,119999,0.14,Wholesale,Delivered,619194.84,180594.84
O0867,C005,P022,R01,2023-08-02,7,110,0.09,Direct Sales,Cancelled,700.7,318.5
O0412,C008,P016,R02,2023-08-03,10,2199,0.14,Wholesale,Returned,18911.4,9451.4
O0550,C029,P018,R08,2023-08-03,3,2499,0.05,Retail Store,Pending,7122.15,3702.15
O0620,C001,P005,R03,2023-08-04,7,24999,0.07,Retail Store,Delivered,162743.49,71603.49
O0631,C006,P020,R01,2023-08-04,9,299,0.1,Wholesale,Delivered,2421.9,1125.9
O0655,C031,P031,R09,2023-08-04,7,699,0.06,Retail Store,Delivered,4599.42,2296.42
O0013,C018,P005,R04,2023-08-05,8,24999,0.1,Wholesale,Pending,179992.8,79192.8
O0025,C034,P028,R01,2023-08-05,7,1099,0.06,Retail Store,Returned,7231.42,3283.42
O0653,C033,P018,R10,2023-08-05,6,2499,0.03,Retail Store,Cancelled,14544.18,7560.18
O0045,C005,P035,R01,2023-08-07,6,1799,0.1,Wholesale,Delivered,9714.6,4854.6
O0930,C009,P021,R03,2023-08-07,6,149,0.09,Online,Delivered,813.54,376.74
O0768,C020,P015,R02,2023-08-08,5,6999,0.09,Wholesale,Cancelled,31845.45,15920.45
O0847,C029,P020,R08,2023-08-10,6,299,0.1,Wholesale,Delivered,1614.6,750.6
O0352,C010,P001,R02,2023-08-12,10,89999,0.06,Direct Sales,Returned,845990.6,263190.6
O0152,C015,P023,R04,2023-08-13,3,329,0.06,Retail Store,Returned,927.78,420.18
O0482,C035,P004,R03,2023-08-13,3,29999,0.06,Direct Sales,Delivered,84597.18,33837.18
O0904,C029,P023,R08,2023-08-13,1,329,0.11,Wholesale,Delivered,292.81,132.61
O0628,C011,P035,R03,2023-08-14,9,1799,0.06,Retail Store,Delivered,15219.54,7605.54
O0950,C011,P022,R03,2023-08-14,10,110,0.13,Wholesale,Delivered,957.0,435.0
O0632,C011,P012,R03,2023-08-15,3,13999,0.1,Wholesale,Returned,37797.3,16197.3
O0057,C003,P031,R02,2023-08-16,8,699,0.07,Retail Store,Delivered,5200.56,2596.56
O0227,C028,P006,R08,2023-08-16,1,1499,0.09,Direct Sales,Pending,1364.09,636.09
O0544,C022,P006,R05,2023-08-16,5,1499,0.1,Wholesale,Pending,6745.5,3145.5
O0776,C033,P006,R10,2023-08-16,7,1499,0.06,Direct Sales,Delivered,9863.42,4599.42
O0058,C020,P015,R02,2023-08-17,7,6999,0.09,Online,Delivered,44583.63,22288.63
O0327,C034,P009,R01,2023-08-17,5,52999,0.1,Online,Pending,238495.5,67495.5
O0586,C024,P004,R06,2023-08-17,10,29999,0.06,Direct Sales,Cancelled,281990.6,112790.6
O0651,C017,P025,R03,2023-08-17,6,7999,0.06,Direct Sales,Pending,45114.36,19734.36
O0408,C003,P018,R02,2023-08-19,8,2499,0.1,Wholesale,Cancelled,17992.8,9352.8
O0218,C032,P013,R10,2023-08-20,5,3499,0.03,Retail Store,Delivered,16970.15,8240.15
O0713,C011,P022,R03,2023-08-22,5,110,0.11,Wholesale,Returned,489.5,222.5
O0116,C019,P003,R01,2023-08-26,8,64999,0.13,Wholesale,Delivered,452393.04,118313.04
O0395,C028,P030,R08,2023-08-26,3,2199,0.08,Direct Sales,Returned,6069.24,2757.24
O0861,C030,P031,R09,2023-08-26,10,699,0.03,Retail Store,Delivered,6780.3,3385.3
O0745,C009,P032,R03,2023-08-27,6,1599,0.15,Wholesale,Pending,8154.9,4074.9
O0222,C019,P029,R01,2023-08-28,8,2599,0.04,Retail Store,Delivered,19960.32,9208.32
O0464,C029,P018,R08,2023-08-28,3,2499,0.11,Online,Cancelled,6672.33,3468.33
O0897,C031,P035,R09,2023-08-28,7,1799,0.08,Direct Sales,Pending,11585.56,5789.56
O0142,C003,P005,R02,2023-08-29,2,24999,0.15,Wholesale,Pending,42498.3,18698.3
O0251,C009,P005,R03,2023-08-30,10,24999,0.11,Wholesale,Delivered,222491.1,97891.1
O0883,C001,P032,R03,2023-08-31,9,1599,0.11,Wholesale,Cancelled,12807.99,6399.99
O0945,C015,P007,R04,2023-08-31,7,89999,0.09,Direct Sales,Delivered,573293.63,222943.63
O0866,C026,P027,R07,2023-09-02,8,43999,0.05,Retail Store,Pending,334392.4,121592.4
O0343,C014,P026,R01,2023-09-03,7,3299,0.14,Wholesale,Pending,19859.98,9023.98
O0023,C016,P004,R02,2023-09-04,8,29999,0.06,Online,Delivered,225592.48,90232.48
O0278,C033,P030,R10,2023-09-04,1,2199,0.06,Retail Store,Delivered,2067.06,939.06
O0330,C027,P002,R07,2023-09-04,10,119999,0.02,Retail Store,Delivered,1175990.2,342990.2
O0274,C007,P021,R02,2023-09-05,8,149,0.05,Direct Sales,Delivered,1132.4,524.4
O0301,C007,P016,R02,2023-09-06,9,2199,0.09,Online,Delivered,18009.81,9000.81
O0339,C009,P025,R03,2023-09-06,2,7999,0.1,Wholesale,Pending,14398.2,6298.2
O0780,C034,P016,R01,2023-09-06,7,2199,0.07,Online,Delivered,14315.49,7154.49
O0200,C028,P007,R08,2023-09-07,9,89999,0.08,Direct Sales,Delivered,745191.72,289791.72
O0394,C007,P011,R02,2023-09-07,6,7999,0.05,Retail Store,Cancelled,45594.3,19944.3
O0932,C011,P029,R03,2023-09-07,10,2599,0.06,Online,Pending,24430.6,11270.6
O0331,C029,P004,R08,2023-09-08,4,29999,0.07,Online,Cancelled,111596.28,44636.28
O0793,C002,P003,R01,2023-09-11,7,64999,0.11,Wholesale,Returned,404943.77,105903.77
O0312,C031,P021,R09,2023-09-12,4,149,0.07,Online,Pending,554.28,256.68
O0941,C014,P028,R01,2023-09-15,8,1099,0.13,Wholesale,Delivered,7649.04,3473.04
O0238,C025,P024,R05,2023-09-17,2,175,0.07,Online,Delivered,325.5,158.1
O0907,C008,P012,R02,2023-09-17,2,13999,0.12,Wholesale,Returned,24638.24,10558.24
O0667,C028,P009,R08,2023-09-18,2,52999,0.09,Direct Sales,Delivered,96458.18,27298.18
O0838,C013,P019,R02,2023-09-18,9,599,0.07,Online,Cancelled,5013.63,2084.13
O0449,C024,P011,R06,2023-09-19,2,7999,0.1,Online,Delivered,14398.2,6298.2
O0496,C005,P023,R01,2023-09-20,1,329,0.09,Online,Pending,299.39,135.59
O0568,C005,P007,R01,2023-09-20,5,89999,0.05,Retail Store,Delivered,427495.25,166245.25
O0668,C035,P027,R03,2023-09-21,1,43999,0.02,Retail Store,Cancelled,43119.02,15679.02
O0099,C014,P023,R01,2023-09-22,10,329,0.11,Wholesale,Returned,2928.1,1326.1
O0540,C032,P019,R10,2023-09-23,1,599,0.06,Direct Sales,Cancelled,563.06,234.06
O0545,C022,P024,R05,2023-09-24,2,175,0.12,Wholesale,Pending,308.0,149.6
O0500,C002,P021,R01,2023-09-25,3,149,0.05,Online,Pending,424.65,196.65
O0538,C021,P018,R05,2023-09-25,9,2499,0.1,Wholesale,Delivered,20241.9,10521.9
O0684,C026,P001,R07,2023-09-25,2,89999,0.04,Retail Store,Cancelled,172798.08,53758.08
O0439,C005,P001,R01,2023-09-26,1,89999,0.02,Retail Store,Pending,88199.02,27439.02
O0718,C006,P007,R01,2023-09-26,7,89999,0.03,Retail Store,Delivered,611093.21,237643.21
O0280,C028,P009,R08,2023-09-28,6,52999,0.14,Wholesale,Delivered,273474.84,77394.84
O0014,C030,P010,R09,2023-09-29,9,65999,0.03,Retail Store,Cancelled,576171.27,192051.27
O0043,C021,P016,R05,2023-09-29,5,2199,0.05,Direct Sales,Pending,10445.25,5220.25
O0289,C002,P031,R01,2023-09-29,10,699,0.06,Retail Store,Pending,6570.6,3280.6
O0134,C022,P033,R05,2023-10-01,5,2999,0.07,Online,Cancelled,13945.35,6970.35
O0356,C017,P023,R03,2023-10-01,7,329,0.04,Direct Sales,Pending,2210.88,1001.28
O0446,C024,P009,R06,2023-10-03,1,52999,0.1,Online,Delivered,47699.1,13499.1
O0807,C027,P001,R07,2023-10-04,4,89999,0.05,Direct Sales,Delivered,341996.2,106396.2
O0948,C013,P023,R02,2023-10-04,1,329,0.04,Retail Store,Returned,315.84,143.04
O0104,C023,P030,R06,2023-10-05,2,2199,0.11,Wholesale,Returned,3914.22,1778.22
O0714,C018,P026,R04,2023-10-05,6,3299,0.09,Direct Sales,Returned,18012.54,8184.54
O0721,C030,P035,R09,2023-10-06,9,1799,0.05,Direct Sales,Delivered,15381.45,7686.45
O0846,C021,P003,R05,2023-10-06,4,64999,0.05,Direct Sales,Delivered,246996.2,64596.2
O0001,C008,P002,R02,2023-10-09,2,119999,0.03,Retail Store,Returned,232798.06,67898.06
O0206,C029,P020,R08,2023-10-09,2,299,0.07,Online,Delivered,556.14,258.54
O0249,C023,P028,R06,2023-10-09,7,1099,0.05,Online,Delivered,7308.35,3318.35
O0334,C027,P020,R07,2023-10-09,10,299,0.08,Online,Returned,2750.8,1278.8
O0354,C002,P034,R01,2023-10-09,7,799,0.09,Wholesale,Delivered,5089.63,2541.63
O0329,C023,P010,R06,2023-10-10,2,65999,0.08,Retail Store,Delivered,121438.16,40478.16
O0050,C006,P028,R01,2023-10-11,3,1099,0.05,Online,Returned,3132.15,1422.15
O0169,C010,P001,R02,2023-10-11,9,89999,0.08,Retail Store,Delivered,745191.72,231831.72
O0005,C028,P022,R08,2023-10-12,6,110,0.03,Retail Store,Delivered,640.2,291.0
O0123,C034,P029,R01,2023-10-12,7,2599,0.08,Retail Store,Returned,16737.56,7721.56
O0987,C034,P015,R01,2023-10-12,9,6999,0.02,Retail Store,Pending,61731.18,30861.18
O0059,C018,P005,R04,2023-10-13,7,24999,0.13,Wholesale,Returned,152243.91,66983.91
O0185,C024,P008,R06,2023-10-13,9,59999,0.07,Retail Store,Cancelled,502191.63,150651.63
O0952,C031,P030,R09,2023-10-13,4,2199,0.09,Online,Delivered,8004.36,3636.36
O0414,C023,P035,R06,2023-10-15,5,1799,0.04,Retail Store,Delivered,8635.2,4315.2
O0480,C015,P002,R04,2023-10-15,8,119999,0.1,Online,Cancelled,863992.8,251992.8
O0732,C012,P007,R01,2023-10-16,8,89999,0.1,Wholesale,Returned,647992.8,251992.8
O0876,C023,P008,R06,2023-10-16,10,59999,0.06,Online,Pending,563990.6,169190.6
O0617,C017,P035,R03,2023-10-17,6,1799,0.1,Online,Cancelled,9714.6,4854.6
O0069,C011,P006,R03,2023-10-18,4,1499,0.1,Wholesale,Returned,5396.4,2516.4
O0719,C015,P016,R04,2023-10-18,3,2199,0.08,Direct Sales,Cancelled,6069.24,3033.24
O0046,C016,P024,R02,2023-10-19,9,175,0.05,Retail Store,Returned,1496.25,726.75
O0307,C007,P022,R02,2023-10-19,9,110,0.1,Direct Sales,Cancelled,891.0,405.0
O0635,C016,P007,R02,2023-10-19,6,89999,0.1,Online,Pending,485994.6,188994.6
O0710,C035,P012,R03,2023-10-19,9,13999,0.11,Wholesale,Pending,112131.99,48051.99
O0230,C009,P003,R03,2023-10-21,3,64999,0.08,Direct Sales,Returned,179397.24,46917.24
O0853,C013,P013,R02,2023-10-21,8,3499,0.12,Wholesale,Returned,24632.96,11960.96
O0890,C019,P002,R01,2023-10-21,9,119999,0.04,Direct Sales,Delivered,1036791.36,302391.36
O0690,C017,P016,R03,2023-10-22,6,2199,0.07,Online,Delivered,12270.42,6132.42
O0404,C011,P032,R03,2023-10-23,8,1599,0.03,Retail Store,Cancelled,12408.24,6200.24
O0995,C012,P025,R01,2023-10-24,5,7999,0.04,Direct Sales,Cancelled,38395.2,16795.2
O0383,C014,P029,R01,2023-10-26,7,2599,0.1,Online,Returned,16373.7,7553.7
O0019,C022,P008,R05,2023-10-28,1,59999,0.05,Direct Sales,Returned,56999.05,17099.05
O0144,C021,P004,R05,2023-10-28,3,29999,0.11,Wholesale,Delivered,80097.33,32037.33
O0685,C005,P033,R01,2023-10-29,9,2999,0.15,Wholesale,Delivered,22942.35,11467.35
O0154,C009,P006,R03,2023-10-30,3,1499,0.13,Wholesale,Delivered,3912.39,1824.39
O0957,C009,P023,R03,2023-10-30,2,329,0.06,Retail Store,Delivered,618.52,280.12
O0271,C016,P026,R02,2023-11-01,1,3299,0.04,Direct Sales,Delivered,3167.04,1439.04
O0296,C020,P015,R02,2023-11-01,8,6999,0.13,Wholesale,Delivered,48713.04,24353.04
O0363,C026,P005,R07,2023-11-03,10,24999,0.05,Retail Store,Pending,237490.5,104490.5
O0258,C035,P019,R03,2023-11-04,3,599,0.06,Retail Store,Delivered,1689.18,702.18
O0357,C016,P015,R02,2023-11-04,1,6999,0.09,Online,Delivered,6369.09,3184.09
O0542,C023,P033,R06,2023-11-04,9,2999,0.07,Retail Store,Delivered,25101.63,12546.63
O0149,C017,P030,R03,2023-11-06,8,2199,0.08,Retail Store,Delivered,16184.64,7352.64
O0313,C018,P022,R04,2023-11-06,6,110,0.07,Online,Returned,613.8,279.0
O0333,C021,P016,R05,2023-11-06,9,2199,0.08,Retail Store,Delivered,18207.72,9099.72
O0161,C003,P003,R02,2023-11-08,4,64999,0.05,Direct Sales,Cancelled,246996.2,64596.2
O0053,C009,P003,R03,2023-11-12,1,64999,0.14,Wholesale,Delivered,55899.14,14619.14
O0344,C035,P023,R03,2023-11-12,8,329,0.11,Wholesale,Pending,2342.48,1060.88
O0153,C007,P003,R02,2023-11-13,6,64999,0.04,Direct Sales,Returned,374394.24,97914.24
O0261,C006,P005,R01,2023-11-13,8,24999,0.1,Direct Sales,Cancelled,179992.8,79192.8
O0444,C030,P004,R09,2023-11-13,3,29999,0.03,Retail Store,Returned,87297.09,34917.09
O0091,C008,P011,R02,2023-11-15,5,7999,0.08,Online,Cancelled,36795.4,16095.4
O0189,C011,P024,R03,2023-11-16,10,175,0.14,Wholesale,Cancelled,1505.0,731.0
O0859,C029,P023,R08,2023-11-16,9,329,0.14,Wholesale,Delivered,2546.46,1153.26
O0401,C006,P009,R01,2023-11-17,2,52999,0.06,Online,Delivered,99638.12,28198.12
O0039,C035,P004,R03,2023-11-18,8,29999,0.05,Online,Cancelled,227992.4,91192.4
O0691,C012,P031,R01,2023-11-18,10,699,0.1,Wholesale,Delivered,6291.0,3141.0
O0362,C003,P012,R02,2023-11-19,10,13999,0.11,Online,Delivered,124591.1,53391.1
O0463,C019,P017,R01,2023-11-19,6,5999,0.08,Direct Sales,Delivered,33114.48,15450.48
O0764,C029,P023,R08,2023-11-19,7,329,0.14,Wholesale,Returned,1980.58,896.98
O0242,C013,P003,R02,2023-11-20,9,64999,0.12,Wholesale,Pending,514792.08,134632.08
O0583,C032,P029,R10,2023-11-20,1,2599,0.11,Online,Delivered,2313.11,1067.11
O0699,C034,P030,R01,2023-11-20,4,2199,0.05,Online,Pending,8356.2,3796.2
O0706,C034,P035,R01,2023-11-20,9,1799,0.06,Direct Sales,Cancelled,15219.54,7605.54
O0229,C015,P002,R04,2023-11-23,6,119999,0.1,Online,Delivered,647994.6,188994.6
O0336,C025,P034,R05,2023-11-23,5,799,0.06,Direct Sales,Pending,3755.3,1875.3
O0345,C007,P031,R02,2023-11-24,7,699,0.04,Retail Store,Delivered,4697.28,2345.28
O0247,C035,P019,R03,2023-11-25,5,599,0.05,Online,Delivered,2845.25,1182.75
O0304,C013,P019,R02,2023-11-25,2,599,0.13,Wholesale,Returned,1042.26,433.26
O0731,C032,P013,R10,2023-11-25,9,3499,0.06,Online,Delivered,29601.54,14373.54
O0966,C014,P015,R01,2023-11-25,9,6999,0.14,Wholesale,Returned,54172.26,27082.26
O0136,C025,P030,R05,2023-11-26,4,2199,0.08,Retail Store,Cancelled,8092.32,3676.32
O0421,C032,P018,R10,2023-11-27,10,2499,0.11,Wholesale,Delivered,22241.1,11561.1
O0753,C010,P019,R02,2023-11-27,2,599,0.08,Direct Sales,Delivered,1102.16,458.16
O0929,C022,P026,R05,2023-11-29,10,3299,0.11,Online,Cancelled,29361.1,13341.1
O0065,C020,P027,R02,2023-12-01,9,43999,0.08,Direct Sales,Delivered,364311.72,132471.72
O0986,C023,P006,R06,2023-12-01,4,1499,0.09,Online,Cancelled,5456.36,2544.36
O0276,C016,P011,R02,2023-12-02,3,7999,0.1,Wholesale,Pending,21597.3,9447.3
O0141,C026,P006,R07,2023-12-03,8,1499,0.1,Direct Sales,Cancelled,10792.8,5032.8
O0571,C009,P011,R03,2023-12-03,10,7999,0.14,Wholesale,Delivered,68791.4,30091.4
O0125,C007,P011,R02,2023-12-04,5,7999,0.08,Direct Sales,Returned,36795.4,16095.4
O0378,C022,P025,R05,2023-12-04,10,7999,0.06,Direct Sales,Delivered,75190.6,32890.6
O0288,C002,P024,R01,2023-12-06,10,175,0.11,Online,Delivered,1557.5,756.5
O0388,C003,P026,R02,2023-12-06,2,3299,0.05,Direct Sales,Delivered,6268.1,2848.1
O0503,C004,P007,R03,2023-12-06,7,89999,0.08,Retail Store,Returned,579593.56,225393.56
O0983,C035,P033,R03,2023-12-06,5,2999,0.12,Wholesale,Cancelled,13195.6,6595.6
O0708,C007,P029,R02,2023-12-09,9,2599,0.11,Wholesale,Cancelled,20817.99,9603.99
O0489,C026,P007,R07,2023-12-11,3,89999,0.11,Wholesale,Returned,240297.33,93447.33
O0522,C024,P002,R06,2023-12-12,8,119999,0.11,Wholesale,Returned,854392.88,249192.88
O0556,C034,P034,R01,2023-12-12,3,799,0.09,Direct Sales,Delivered,2181.27,1089.27
O0591,C030,P013,R09,2023-12-13,1,3499,0.1,Online,Returned,3149.1,1529.1
O0984,C010,P029,R02,2023-12-13,1,2599,0.09,Online,Delivered,2365.09,1091.09
O0201,C026,P020,R07,2023-12-14,3,299,0.04,Retail Store,Delivered,861.12,400.32
O0245,C029,P025,R08,2023-12-14,8,7999,0.05,Retail Store,Delivered,60792.4,26592.4
O0572,C006,P024,R01,2023-12-17,7,175,0.03,Retail Store,Pending,1188.25,577.15
O0887,C020,P004,R02,2023-12-18,9,29999,0.08,Online,Pending,248391.72,99351.72
O0103,C031,P034,R09,2023-12-19,9,799,0.1,Direct Sales,Delivered,6471.9,3231.9
O0273,C021,P021,R05,2023-12-20,6,149,0.05,Direct Sales,Cancelled,849.3,393.3
O0390,C033,P010,R10,2023-12-20,5,65999,0.08,Online,Pending,303595.4,101195.4
O0683,C019,P023,R01,2023-12-22,4,329,0.1,Wholesale,Pending,1184.4,536.4
O0794,C011,P002,R03,2023-12-22,5,119999,0.11,Wholesale,Delivered,533995.55,155745.55
O0392,C034,P031,R01,2023-12-23,8,699,0.05,Direct Sales,Delivered,5312.4,2652.4
O0864,C011,P019,R03,2023-12-23,7,599,0.05,Retail Store,Returned,3983.35,1655.85
O0088,C035,P004,R03,2023-12-25,1,29999,0.06,Retail Store,Delivered,28199.06,11279.06
O0431,C011,P029,R03,2023-12-26,3,2599,0.06,Retail Store,Pending,7329.18,3381.18
O0400,C008,P023,R02,2023-12-27,5,329,0.08,Direct Sales,Cancelled,1513.4,685.4
O0888,C022,P027,R05,2023-12-28,1,43999,0.11,Wholesale,Returned,39159.11,14239.11
O0466,C008,P035,R02,2024-01-02,8,1799,0.05,Retail Store,Delivered,13672.4,6832.4
O0639,C030,P029,R09,2024-01-03,2,2599,0.12,Wholesale,Delivered,4574.24,2110.24
O0646,C010,P031,R02,2024-01-03,8,699,0.06,Online,Delivered,5256.48,2624.48
O0638,C028,P018,R08,2024-01-04,6,2499,0.06,Retail Store,Pending,14094.36,7326.36
O0528,C030,P004,R09,2024-01-05,8,29999,0.04,Retail Store,Cancelled,230392.32,92152.32
O0614,C022,P022,R05,2024-01-05,10,110,0.1,Wholesale,Cancelled,990.0,450.0
O0095,C007,P028,R02,2024-01-06,7,1099,0.08,Direct Sales,Delivered,7077.56,3213.56
O0670,C021,P027,R05,2024-01-06,10,43999,0.06,Online,Delivered,413590.6,150390.6
O0700,C007,P021,R02,2024-01-06,5,149,0.1,Wholesale,Delivered,670.5,310.5
O0217,C024,P002,R06,2024-01-07,4,119999,0.1,Wholesale,Delivered,431996.4,125996.4
O0155,C009,P035,R03,2024-01-10,5,1799,0.14,Wholesale,Pending,7735.7,3865.7
O0253,C009,P034,R03,2024-01-11,5,799,0.06,Direct Sales,Delivered,3755.3,1875.3
O0559,C011,P008,R03,2024-01-11,5,59999,0.07,Online,Cancelled,278995.35,83695.35
O0456,C016,P030,R02,2024-01-13,4,2199,0.1,Direct Sales,Returned,7916.4,3596.4
O0647,C005,P017,R01,2024-01-14,4,5999,0.02,Retail Store,Cancelled,23516.08,10972.08
O0252,C010,P029,R02,2024-01-15,2,2599,0.12,Wholesale,Cancelled,4574.24,2110.24
O0525,C032,P034,R10,2024-01-18,3,799,0.08,Online,Delivered,2205.24,1101.24
O1000,C031,P008,R09,2024-01-18,3,59999,0.1,Online,Cancelled,161997.3,48597.3
O0180,C021,P017,R05,2024-01-19,8,5999,0.06,Retail Store,Delivered,45112.48,21048.48
O0650,C035,P012,R03,2024-01-21,2,13999,0.06,Direct Sales,Cancelled,26318.12,11278.12
O0788,C010,P002,R02,2024-01-21,1,119999,0.07,Online,Delivered,111599.07,32549.07
O0358,C026,P025,R07,2024-01-22,1,7999,0.04,Direct Sales,Returned,7679.04,3359.04
O0661,C005,P015,R01,2024-01-23,1,6999,0.05,Direct Sales,Delivered,6649.05,3324.05
O0086,C004,P017,R03,2024-01-24,6,5999,0.1,Wholesale,Delivered,32394.6,15114.6
O0829,C021,P024,R05,2024-01-24,9,175,0.1,Online,Delivered,1417.5,688.5
O0369,C018,P010,R04,2024-01-25,6,65999,0.06,Retail Store,Delivered,372234.36,124074.36
O0791,C025,P015,R05,2024-01-25,8,6999,0.1,Online,Cancelled,50392.8,25192.8
O0666,C015,P031,R04,2024-01-26,10,699,0.13,Wholesale,Delivered,6081.3,3036.3
O0711,C029,P006,R08,2024-01-26,3,1499,0.12,Wholesale,Delivered,3957.36,1845.36
O0325,C027,P024,R07,2024-01-27,7,175,0.09,Direct Sales,Pending,1114.75,541.45
O0478,C035,P002,R03,2024-01-27,8,119999,0.12,Wholesale,Delivered,844792.96,246392.96
O0477,C006,P018,R01,2024-01-28,9,2499,0.05,Retail Store,Delivered,21366.45,11106.45
O0519,C027,P017,R07,2024-01-28,8,5999,0.07,Direct Sales,Delivered,44632.56,20824.56
O0208,C006,P033,R01,2024-01-29,1,2999,0.07,Direct Sales,Pending,2789.07,1394.07
O0364,C035,P022,R03,2024-01-29,2,110,0.07,Retail Store,Cancelled,204.6,93.0
O0882,C028,P029,R08,2024-01-29,7,2599,0.1,Wholesale,Cancelled,16373.7,7553.7
O0916,C015,P001,R04,2024-01-29,9,89999,0.05,Direct Sales,Delivered,769491.45,239391.45
O0017,C028,P005,R08,2024-01-30,8,24999,0.08,Direct Sales,Cancelled,183992.64,80952.64
O0062,C033,P008,R10,2024-01-30,7,59999,0.04,Retail Store,Delivered,403193.28,120953.28
O0752,C005,P035,R01,2024-02-01,8,1799,0.05,Retail Store,Cancelled,13672.4,6832.4
O0479,C033,P021,R10,2024-02-02,6,149,0.1,Wholesale,Cancelled,804.6,372.6
O0516,C005,P006,R01,2024-02-02,5,1499,0.07,Direct Sales,Cancelled,6970.35,3250.35
O0909,C004,P025,R03,2024-02-02,5,7999,0.15,Wholesale,Delivered,33995.75,14870.75
O0083,C032,P002,R10,2024-02-03,7,119999,0.13,Wholesale,Returned,730793.91,213143.91
O0037,C025,P001,R05,2024-02-04,8,89999,0.15,Wholesale,Delivered,611993.2,190393.2
O0643,C010,P024,R02,2024-02-06,10,175,0.07,Retail Store,Returned,1627.5,790.5
O0381,C025,P018,R05,2024-02-07,10,2499,0.1,Wholesale,Delivered,22491.0,11691.0
O0955,C028,P034,R08,2024-02-08,2,799,0.09,Direct Sales,Pending,1454.18,726.18
O0988,C006,P033,R01,2024-02-08,10,2999,0.05,Retail Store,Cancelled,28490.5,14240.5
O0298,C035,P025,R03,2024-02-09,3,7999,0.15,Wholesale,Delivered,20397.45,8922.45
O0474,C011,P028,R03,2024-02-09,7,1099,0.04,Direct Sales,Delivered,7385.28,3353.28
O0179,C022,P030,R05,2024-02-13,6,2199,0.08,Direct Sales,Pending,12138.48,5514.48
O0917,C022,P020,R05,2024-02-15,2,299,0.09,Online,Delivered,544.18,252.98
O0032,C007,P004,R02,2024-02-17,2,29999,0.14,Wholesale,Delivered,51598.28,20638.28
O0418,C005,P006,R01,2024-02-17,6,1499,0.13,Wholesale,Pending,7824.78,3648.78
O0520,C012,P018,R01,2024-02-17,7,2499,0.06,Retail Store,Delivered,16443.42,8547.42
O0041,C005,P016,R01,2024-02-18,10,2199,0.11,Online,Delivered,19571.1,9781.1
O0526,C020,P033,R02,2024-02-18,9,2999,0.07,Retail Store,Cancelled,25101.63,12546.63
O0613,C035,P035,R03,2024-02-18,4,1799,0.07,Online,Returned,6692.28,3344.28
O0102,C019,P015,R01,2024-02-19,10,6999,0.04,Retail Store,Delivered,67190.4,33590.4
O0870,C012,P020,R01,2024-02-20,10,299,0.09,Online,Pending,2720.9,1264.9
O0877,C021,P025,R05,2024-02-20,4,7999,0.07,Direct Sales,Returned,29756.28,13016.28
O0406,C033,P032,R10,2024-02-23,8,1599,0.06,Direct Sales,Pending,12024.48,6008.48
O0824,C031,P030,R09,2024-02-24,10,2199,0.04,Direct Sales,Delivered,21110.4,9590.4
O0137,C025,P015,R05,2024-02-25,8,6999,0.07,Online,Returned,52072.56,26032.56
O0221,C029,P003,R08,2024-02-25,4,64999,0.13,Wholesale,Pending,226196.52,59156.52
O0659,C011,P015,R03,2024-02-25,3,6999,0.07,Retail Store,Cancelled,19527.21,9762.21
O0951,C015,P006,R04,2024-02-26,4,1499,0.09,Direct Sales,Cancelled,5456.36,2544.36
O0351,C004,P001,R03,2024-02-27,4,89999,0.07,Retail Store,Delivered,334796.28,104156.28
O0689,C015,P021,R04,2024-02-27,1,149,0.12,Wholesale,Returned,131.12,60.72
O0715,C034,P029,R01,2024-02-28,1,2599,0.03,Retail Store,Delivered,2521.03,1163.03
O0802,C002,P021,R01,2024-02-28,5,149,0.06,Direct Sales,Delivered,700.3,324.3
O0071,C005,P030,R01,2024-02-29,7,2199,0.06,Retail Store,Pending,14469.42,6573.42
O0654,C008,P015,R02,2024-02-29,8,6999,0.13,Wholesale,Returned,48713.04,24353.04
O0452,C021,P016,R05,2024-03-02,2,2199,0.11,Wholesale,Cancelled,3914.22,1956.22
O0773,C023,P028,R06,2024-03-02,4,1099,0.1,Online,Returned,3956.4,1796.4
O0972,C002,P019,R01,2024-03-02,7,599,0.05,Retail Store,Pending,3983.35,1655.85
O0595,C033,P025,R10,2024-03-04,6,7999,0.04,Retail Store,Delivered,46074.24,20154.24
O0042,C003,P006,R02,2024-03-05,4,1499,0.15,Wholesale,Returned,5096.6,2376.6
O0665,C028,P034,R08,2024-03-06,9,799,0.14,Wholesale,Pending,6184.26,3088.26
O0087,C025,P018,R05,2024-03-07,8,2499,0.14,Wholesale,Delivered,17193.12,8937.12
O0600,C035,P019,R03,2024-03-08,1,599,0.08,Online,Pending,551.08,229.08
O0031,C028,P023,R08,2024-03-09,1,329,0.07,Direct Sales,Returned,305.97,138.57
O0671,C017,P035,R03,2024-03-09,7,1799,0.13,Wholesale,Delivered,10955.91,5474.91
O0697,C004,P034,R03,2024-03-09,1,799,0.1,Direct Sales,Cancelled,719.1,359.1
O0961,C003,P019,R02,2024-03-12,10,599,0.13,Wholesale,Cancelled,5211.3,2166.3
O0908,C030,P018,R09,2024-03-13,2,2499,0.11,Wholesale,Delivered,4448.22,2312.22
O0637,C024,P021,R06,2024-03-14,4,149,0.02,Retail Store,Delivered,584.08,270.48
O0235,C010,P019,R02,2024-03-15,4,599,0.09,Online,Cancelled,2180.36,906.36
O0433,C025,P023,R05,2024-03-15,4,329,0.14,Wholesale,Delivered,1131.76,512.56
O0800,C034,P009,R01,2024-03-16,10,52999,0.06,Retail Store,Delivered,498190.6,140990.6
O0264,C012,P009,R01,2024-03-19,9,52999,0.1,Online,Delivered,429291.9,121491.9
O0197,C026,P003,R07,2024-03-22,2,64999,0.08,Online,Delivered,119598.16,31278.16
O0129,C009,P019,R03,2024-03-24,10,599,0.05,Direct Sales,Delivered,5690.5,2365.5
O0627,C006,P019,R01,2024-03-24,1,599,0.06,Direct Sales,Pending,563.06,234.06
O0808,C005,P012,R01,2024-03-25,8,13999,0.08,Direct Sales,Delivered,103032.64,44152.64
O0077,C016,P018,R02,2024-03-26,4,2499,0.09,Online,Delivered,9096.36,4728.36
O0410,C035,P003,R03,2024-03-27,2,64999,0.08,Retail Store,Returned,119598.16,31278.16
O0423,C008,P011,R02,2024-03-27,7,7999,0.04,Direct Sales,Delivered,53753.28,23513.28
O0783,C029,P010,R08,2024-03-27,4,65999,0.11,Online,Delivered,234956.44,78316.44
O0051,C017,P011,R03,2024-03-28,2,7999,0.07,Direct Sales,Delivered,14878.14,6508.14
O0068,C021,P030,R05,2024-03-28,9,2199,0.08,Direct Sales,Pending,18207.72,8271.72
O0723,C015,P006,R04,2024-03-28,5,1499,0.11,Wholesale,Delivered,6670.55,3110.55
O0912,C014,P007,R01,2024-03-28,2,89999,0.1,Wholesale,Delivered,161998.2,62998.2
O0191,C006,P018,R01,2024-03-29,8,2499,0.07,Direct Sales,Pending,18592.56,9664.56
O0737,C016,P025,R02,2024-03-29,1,7999,0.06,Retail Store,Delivered,7519.06,3289.06
O0143,C007,P007,R02,2024-03-30,1,89999,0.06,Retail Store,Delivered,84599.06,32899.06
O0561,C008,P027,R02,2024-03-30,5,43999,0.05,Direct Sales,Pending,208995.25,75995.25
O0848,C013,P006,R02,2024-03-30,9,1499,0.1,Online,Delivered,12141.9,5661.9
O0991,C006,P014,R01,2024-03-30,5,1799,0.09,Direct Sales,Delivered,8185.45,4090.45
O0821,C020,P020,R02,2024-04-01,2,299,0.13,Wholesale,Delivered,520.26,241.86
O0135,C032,P010,R10,2024-04-02,9,65999,0.06,Direct Sales,Cancelled,558351.54,186111.54
O0495,C006,P022,R01,2024-04-02,4,110,0.07,Online,Returned,409.2,186.0
O0282,C025,P033,R05,2024-04-06,10,2999,0.14,Wholesale,Returned,25791.4,12891.4
O0624,C027,P025,R07,2024-04-06,1,7999,0.07,Direct Sales,Pending,7439.07,3254.07
O0935,C018,P034,R04,2024-04-06,3,799,0.05,Direct Sales,Cancelled,2277.15,1137.15
O0499,C015,P011,R04,2024-04-07,1,7999,0.1,Online,Delivered,7199.1,3149.1
O0587,C031,P024,R09,2024-04-08,4,175,0.06,Online,Delivered,658.0,319.6
O0766,C017,P024,R03,2024-04-08,1,175,0.1,Direct Sales,Returned,157.5,76.5
O0162,C009,P025,R03,2024-04-09,9,7999,0.13,Wholesale,Pending,62632.17,27397.17
O0126,C026,P003,R07,2024-04-10,6,64999,0.07,Online,Delivered,362694.42,94854.42
O0448,C005,P032,R01,2024-04-11,10,1599,0.09,Wholesale,Delivered,14550.9,7270.9
O0828,C019,P012,R01,2024-04-11,2,13999,0.15,Wholesale,Delivered,23798.3,10198.3
O0881,C009,P027,R03,2024-04-11,8,43999,0.08,Direct Sales,Cancelled,323832.64,117752.64
O0977,C023,P019,R06,2024-04-11,3,599,0.06,Retail Store,Returned,1689.18,702.18
O0377,C032,P013,R10,2024-04-13,1,3499,0.06,Online,Pending,3289.06,1597.06
O0592,C008,P029,R02,2024-04-13,1,2599,0.08,Retail Store,Cancelled,2391.08,1103.08
O0975,C034,P029,R01,2024-04-13,5,2599,0.12,Wholesale,Delivered,11435.6,5275.6
O0174,C034,P020,R01,2024-04-14,8,299,0.05,Online,Pending,2272.4,1056.4
O0461,C027,P024,R07,2024-04-14,9,175,0.08,Online,Delivered,1449.0,703.8
O0687,C016,P022,R02,2024-04-14,1,110,0.09,Direct Sales,Pending,100.1,45.5
O0535,C025,P023,R05,2024-04-15,5,329,0.1,Wholesale,Returned,1480.5,670.5
O0582,C016,P006,R02,2024-04-15,8,1499,0.09,Direct Sales,Delivered,10912.72,5088.72
O0622,C010,P002,R02,2024-04-15,2,119999,0.09,Wholesale,Delivered,218398.18,63698.18
O0223,C024,P029,R06,2024-04-17,9,2599,0.14,Wholesale,Cancelled,20116.26,9280.26
O0813,C020,P019,R02,2024-04-17,10,599,0.05,Retail Store,Delivered,5690.5,2365.5
O0901,C017,P026,R03,2024-04-17,10,3299,0.06,Retail Store,Delivered,31010.6,14090.6
O0814,C034,P010,R01,2024-04-19,9,65999,0.05,Direct Sales,Delivered,564291.45,188091.45
O0074,C030,P009,R09,2024-04-20,8,52999,0.15,Wholesale,Cancelled,360393.2,101993.2
O0644,C019,P009,R01,2024-04-20,9,52999,0.07,Online,Delivered,443601.63,125541.63
O0090,C008,P014,R02,2024-04-21,3,1799,0.14,Wholesale,Cancelled,4641.42,2319.42
O0147,C017,P001,R03,2024-04-21,3,89999,0.13,Wholesale,Delivered,234897.39,73077.39
O0454,C026,P005,R07,2024-04-21,5,24999,0.14,Wholesale,Delivered,107495.7,47295.7
O0263,C005,P029,R01,2024-04-22,9,2599,0.1,Wholesale,Returned,21051.9,9711.9
O0648,C024,P025,R06,2024-04-25,1,7999,0.09,Direct Sales,Returned,7279.09,3184.09
O0124,C032,P006,R10,2024-04-26,6,1499,0.11,Wholesale,Returned,8004.66,3732.66
O0543,C019,P007,R01,2024-04-27,9,89999,0.06,Retail Store,Delivered,761391.54,296091.54
O0324,C004,P005,R03,2024-04-28,3,24999,0.07,Online,Delivered,69747.21,30687.21
O0546,C004,P005,R03,2024-04-28,7,24999,0.05,Retail Store,Cancelled,166243.35,73143.35
O0886,C006,P016,R01,2024-04-28,9,2199,0.09,Online,Cancelled,18009.81,9000.81
O0030,C031,P016,R09,2024-04-29,2,2199,0.05,Direct Sales,Returned,4178.1,2088.1
O0337,C012,P035,R01,2024-04-29,5,1799,0.07,Retail Store,Returned,8365.35,4180.35
O0507,C019,P006,R01,2024-04-29,7,1499,0.07,Online,Pending,9758.49,4550.49
O0717,C007,P005,R02,2024-04-29,7,24999,0.05,Online,Cancelled,166243.35,73143.35
O0285,C009,P022,R03,2024-04-30,9,110,0.05,Direct Sales,Delivered,940.5,427.5
O0530,C029,P012,R08,2024-04-30,5,13999,0.11,Wholesale,Returned,62295.55,26695.55
O0533,C002,P001,R01,2024-04-30,10,89999,0.06,Retail Store,Delivered,845990.6,263190.6
O0806,C025,P032,R05,2024-04-30,4,1599,0.03,Retail Store,Delivered,6204.12,3100.12
O0172,C008,P005,R02,2024-05-02,9,24999,0.09,Direct Sales,Cancelled,204741.81,90081.81
O0081,C002,P025,R01,2024-05-03,5,7999,0.11,Online,Pending,35595.55,15570.55
O0725,C001,P032,R03,2024-05-03,7,1599,0.09,Wholesale,Delivered,10185.63,5089.63
O0915,C033,P032,R10,2024-05-04,2,1599,0.06,Direct Sales,Cancelled,3006.12,1502.12
O0109,C019,P031,R01,2024-05-05,1,699,0.06,Direct Sales,Delivered,657.06,328.06
O0036,C027,P032,R07,2024-05-07,1,1599,0.07,Retail Store,Delivered,1487.07,743.07
O0664,C008,P006,R02,2024-05-08,9,1499,0.07,Retail Store,Delivered,12546.63,5850.63
O0841,C003,P009,R02,2024-05-08,9,52999,0.06,Retail Store,Delivered,448371.54,126891.54
O0132,C018,P027,R04,2024-05-09,9,43999,0.05,Direct Sales,Delivered,376191.45,136791.45
O0272,C029,P027,R08,2024-05-10,10,43999,0.05,Direct Sales,Delivered,417990.5,151990.5
O0849,C013,P022,R02,2024-05-10,3,110,0.14,Wholesale,Delivered,283.8,129.0
O0976,C017,P015,R03,2024-05-10,1,6999,0.15,Wholesale,Delivered,5949.15,2974.15
O0893,C017,P016,R03,2024-05-11,1,2199,0.07,Retail Store,Delivered,2045.07,1022.07
O0618,C033,P029,R10,2024-05-13,4,2599,0.07,Online,Delivered,9668.28,4460.28
O0880,C002,P010,R01,2024-05-13,3,65999,0.1,Direct Sales,Delivered,178197.3,59397.3
O0933,C011,P002,R03,2024-05-13,3,119999,0.05,Online,Delivered,341997.15,99747.15
O0576,C009,P031,R03,2024-05-14,8,699,0.1,Online,Delivered,5032.8,2512.8
O0779,C031,P013,R09,2024-05-14,4,3499,0.08,Direct Sales,Cancelled,12876.32,6252.32
O0022,C001,P021,R03,2024-05-15,6,149,0.06,Online,Delivered,840.36,389.16
O0175,C028,P007,R08,2024-05-17,2,89999,0.04,Direct Sales,Delivered,172798.08,67198.08
O0485,C020,P012,R02,2024-05-17,4,13999,0.06,Online,Cancelled,52636.24,22556.24
O0120,C033,P035,R10,2024-05-20,1,1799,0.04,Direct Sales,Pending,1727.04,863.04
O0436,C004,P016,R03,2024-05-21,8,2199,0.05,Direct Sales,Returned,16712.4,8352.4
O0445,C001,P011,R03,2024-05-23,5,7999,0.12,Wholesale,Delivered,35195.6,15395.6
O0146,C025,P016,R05,2024-05-24,5,2199,0.03,Retail Store,Pending,10665.15,5330.15
O0277,C033,P030,R10,2024-05-25,2,2199,0.12,Wholesale,Pending,3870.24,1758.24
O0476,C016,P019,R02,2024-05-25,8,599,0.09,Direct Sales,Delivered,4360.72,1812.72
O0692,C012,P013,R01,2024-05-25,4,3499,0.03,Retail Store,Delivered,13576.12,6592.12
O0734,C027,P020,R07,2024-05-25,1,299,0.12,Wholesale,Delivered,263.12,122.32
O0234,C005,P008,R01,2024-05-26,10,59999,0.09,Online,Delivered,545990.9,163790.9
O0359,C011,P006,R03,2024-05-26,6,1499,0.08,Direct Sales,Cancelled,8274.48,3858.48
O0936,C003,P012,R02,2024-05-26,5,13999,0.09,Online,Delivered,63695.45,27295.45
O0292,C014,P027,R01,2024-05-28,1,43999,0.09,Direct Sales,Returned,40039.09,14559.09
O0652,C031,P001,R09,2024-05-28,4,89999,0.05,Retail Store,Delivered,341996.2,106396.2
O0228,C004,P026,R03,2024-05-29,2,3299,0.1,Wholesale,Delivered,5938.2,2698.2
O0453,C024,P008,R06,2024-05-29,9,59999,0.06,Online,Delivered,507591.54,152271.54
O0626,C005,P023,R01,2024-05-29,5,329,0.07,Online,Cancelled,1529.85,692.85
O0775,C010,P021,R02,2024-05-29,7,149,0.03,Retail Store,Pending,1011.71,468.51
O0173,C007,P029,R02,2024-05-30,1,2599,0.08,Retail Store,Returned,2391.08,1103.08
O0308,C032,P009,R10,2024-05-31,2,52999,0.06,Direct Sales,Delivered,99638.12,28198.12
O0094,C024,P005,R06,2024-06-02,7,24999,0.09,Wholesale,Pending,159243.63,70063.63
O0386,C026,P035,R07,2024-06-02,6,1799,0.07,Direct Sales,Returned,10038.42,5016.42
O0237,C034,P035,R01,2024-06-03,8,1799,0.07,Online,Delivered,13384.56,6688.56
O0641,C005,P002,R01,2024-06-03,10,119999,0.1,Online,Pending,1079991.0,314991.0
O0938,C024,P035,R06,2024-06-03,4,1799,0.05,Retail Store,Delivered,6836.2,3416.2
O0287,C022,P033,R05,2024-06-05,5,2999,0.08,Direct Sales,Pending,13795.4,6895.4
O0402,C024,P010,R06,2024-06-07,3,65999,0.07,Direct Sales,Cancelled,184137.21,61377.21
O0696,C032,P012,R10,2024-06-07,10,13999,0.11,Wholesale,Delivered,124591.1,53391.1
O0192,C018,P014,R04,2024-06-08,2,1799,0.07,Online,Delivered,3346.14,1672.14
O0645,C016,P011,R02,2024-06-10,3,7999,0.05,Retail Store,Cancelled,22797.15,9972.15
O0026,C024,P029,R06,2024-06-13,4,2599,0.05,Direct Sales,Delivered,9876.2,4556.2
O0100,C018,P001,R04,2024-06-13,7,89999,0.03,Retail Store,Pending,611093.21,190113.21
O0435,C020,P014,R02,2024-06-14,5,1799,0.06,Retail Store,Returned,8455.3,4225.3
O0389,C015,P033,R04,2024-06-15,7,2999,0.05,Retail Store,Pending,19943.35,9968.35
O0578,C015,P022,R04,2024-06-15,4,110,0.08,Online,Pending,404.8,184.0
O0811,C003,P016,R02,2024-06-15,1,2199,0.1,Direct Sales,Cancelled,1979.1,989.1
O0669,C034,P008,R01,2024-06-16,4,59999,0.07,Online,Returned,223196.28,66956.28
O0612,C015,P012,R04,2024-06-17,3,13999,0.1,Online,Pending,37797.3,16197.3
O0738,C030,P007,R09,2024-06-17,5,89999,0.05,Retail Store,Delivered,427495.25,166245.25
O0112,C027,P015,R07,2024-06-19,8,6999,0.07,Direct Sales,Delivered,52072.56,26032.56
O0787,C014,P035,R01,2024-06-19,10,1799,0.12,Wholesale,Returned,15831.2,7911.2
O0355,C007,P007,R02,2024-06-20,10,89999,0.03,Retail Store,Cancelled,872990.3,339490.3
O0447,C028,P018,R08,2024-06-20,10,2499,0.07,Online,Returned,23240.7,12080.7
O0722,C030,P028,R09,2024-06-20,8,1099,0.14,Wholesale,Cancelled,7561.12,3433.12
O0818,C024,P006,R06,2024-06-20,9,1499,0.08,Direct Sales,Cancelled,12411.72,5787.72
O0831,C034,P027,R01,2024-06-21,10,43999,0.06,Retail Store,Delivered,413590.6,150390.6
O0488,C010,P008,R02,2024-06-22,6,59999,0.15,Wholesale,Returned,305994.9,91794.9
O0219,C033,P035,R10,2024-06-23,10,1799,0.09,Online,Delivered,16370.9,8180.9
O0486,C015,P002,R04,2024-06-23,10,119999,0.04,Direct Sales,Delivered,1151990.4,335990.4
O0318,C034,P029,R01,2024-06-24,10,2599,0.09,Wholesale,Delivered,23650.9,10910.9
O0399,C017,P032,R03,2024-06-24,10,1599,0.13,Wholesale,Pending,13911.3,6951.3
O0202,C033,P008,R10,2024-06-27,6,59999,0.07,Retail Store,Delivered,334794.42,100434.42
O0898,C017,P010,R03,2024-06-27,8,65999,0.04,Direct Sales,Pending,506872.32,168952.32
O0328,C035,P028,R03,2024-06-28,4,1099,0.09,Direct Sales,Pending,4000.36,1816.36
O0196,C009,P025,R03,2024-06-29,6,7999,0.05,Retail Store,Delivered,45594.3,19944.3
O0011,C005,P011,R01,2024-06-30,7,7999,0.03,Retail Store,Delivered,54313.21,23758.21
O0340,C024,P006,R06,2024-07-02,7,1499,0.02,Retail Store,Returned,10283.14,4795.14
O0007,C003,P030,R02,2024-07-03,7,2199,0.11,Online,Delivered,13699.77,6223.77
O0033,C013,P013,R02,2024-07-03,3,3499,0.05,Direct Sales,Delivered,9972.15,4842.15
O0317,C027,P031,R07,2024-07-04,10,699,0.07,Retail Store,Delivered,6500.7,3245.7
O0942,C007,P004,R02,2024-07-04,1,29999,0.03,Retail Store,Pending,29099.03,11639.03
O0965,C022,P016,R05,2024-07-06,10,2199,0.09,Online,Returned,20010.9,10000.9
O0981,C024,P029,R06,2024-07-06,2,2599,0.05,Retail Store,Delivered,4938.1,2278.1
O0078,C022,P021,R05,2024-07-07,4,149,0.06,Online,Pending,560.24,259.44
O0750,C019,P017,R01,2024-07-08,9,5999,0.12,Wholesale,Pending,47512.08,22168.08
O0082,C027,P035,R07,2024-07-13,5,1799,0.05,Retail Store,Pending,8545.25,4270.25
O0438,C027,P024,R07,2024-07-13,2,175,0.07,Retail Store,Delivered,325.5,158.1
O0501,C011,P005,R03,2024-07-14,10,24999,0.07,Online,Pending,232490.7,102290.7
O0067,C020,P026,R02,2024-07-15,4,3299,0.07,Online,Pending,12272.28,5576.28
O0075,C033,P028,R10,2024-07-15,8,1099,0.09,Direct Sales,Pending,8000.72,3632.72
O0232,C014,P010,R01,2024-07-15,5,65999,0.05,Direct Sales,Delivered,313495.25,104495.25
O0726,C015,P001,R04,2024-07-15,9,89999,0.1,Wholesale,Pending,728991.9,226791.9
O0739,C011,P003,R03,2024-07-16,5,64999,0.07,Online,Delivered,302245.35,79045.35
O0303,C009,P001,R03,2024-07-17,8,89999,0.04,Retail Store,Pending,691192.32,215032.32
O0348,C016,P032,R02,2024-07-17,8,1599,0.11,Wholesale,Returned,11384.88,5688.88
O0763,C011,P012,R03,2024-07-17,3,13999,0.07,Direct Sales,Cancelled,39057.21,16737.21
O0819,C011,P025,R03,2024-07-17,3,7999,0.04,Direct Sales,Delivered,23037.12,10077.12
O0130,C011,P020,R03,2024-07-18,2,299,0.08,Online,Delivered,550.16,255.76
O0642,C014,P003,R01,2024-07-18,9,64999,0.12,Wholesale,Pending,514792.08,134632.08
O0367,C015,P023,R04,2024-07-20,10,329,0.07,Direct Sales,Returned,3059.7,1385.7
O0434,C006,P016,R01,2024-07-20,1,2199,0.14,Wholesale,Returned,1891.14,945.14
O0511,C027,P015,R07,2024-07-20,9,6999,0.1,Online,Pending,56691.9,28341.9
O0168,C014,P005,R01,2024-07-21,4,24999,0.06,Retail Store,Delivered,93996.24,41356.24
O0225,C031,P024,R09,2024-07-21,9,175,0.09,Online,Delivered,1433.25,696.15
O0260,C002,P024,R01,2024-07-21,9,175,0.12,Wholesale,Delivered,1386.0,673.2
O0919,C013,P012,R02,2024-07-21,4,13999,0.11,Online,Delivered,49836.44,21356.44
O0704,C018,P016,R04,2024-07-22,4,2199,0.09,Direct Sales,Delivered,8004.36,4000.36
O0335,C012,P028,R01,2024-07-23,6,1099,0.04,Direct Sales,Returned,6330.24,2874.24
O0470,C026,P029,R07,2024-07-23,2,2599,0.03,Retail Store,Delivered,5042.06,2326.06
O0865,C007,P021,R02,2024-07-23,9,149,0.1,Online,Pending,1206.9,558.9
O0801,C021,P005,R05,2024-07-24,3,24999,0.06,Online,Returned,70497.18,31017.18
O0213,C022,P007,R05,2024-07-25,10,89999,0.06,Direct Sales,Delivered,845990.6,328990.6
O0623,C012,P017,R01,2024-07-25,4,5999,0.08,Online,Delivered,22076.32,10300.32
O0758,C004,P024,R03,2024-07-25,1,175,0.09,Direct Sales,Cancelled,159.25,77.35
O0937,C027,P001,R07,2024-07-25,9,89999,0.03,Retail Store,Delivered,785691.27,244431.27
O0996,C020,P032,R02,2024-07-26,1,1599,0.05,Direct Sales,Delivered,1519.05,759.05
O0297,C031,P023,R09,2024-07-27,10,329,0.11,Wholesale,Returned,2928.1,1326.1
O0585,C020,P033,R02,2024-07-29,8,2999,0.06,Retail Store,Delivered,22552.48,11272.48
O0599,C008,P023,R02,2024-07-29,7,329,0.07,Direct Sales,Returned,2141.79,969.99
O0484,C023,P010,R06,2024-07-30,8,65999,0.07,Retail Store,Cancelled,491032.56,163672.56
O0518,C007,P007,R02,2024-07-30,9,89999,0.1,Online,Delivered,728991.9,283491.9
O0407,C011,P006,R03,2024-08-01,4,1499,0.1,Online,Delivered,5396.4,2516.4
O0093,C020,P008,R02,2024-08-02,7,59999,0.07,Online,Returned,390593.49,117173.49
O0145,C034,P027,R01,2024-08-02,2,43999,0.03,Retail Store,Cancelled,85358.06,31038.06
O0748,C032,P013,R10,2024-08-03,6,3499,0.05,Retail Store,Returned,19944.3,9684.3
O0310,C022,P019,R05,2024-08-04,7,599,0.03,Retail Store,Pending,4067.21,1690.71
O0113,C028,P020,R08,2024-08-05,2,299,0.09,Online,Delivered,544.18,252.98
O0281,C026,P004,R07,2024-08-06,5,29999,0.04,Retail Store,Delivered,143995.2,57595.2
O0761,C034,P016,R01,2024-08-06,9,2199,0.05,Retail Store,Pending,18801.45,9396.45
O0513,C003,P033,R02,2024-08-07,8,2999,0.03,Retail Store,Delivered,23272.24,11632.24
O0150,C016,P025,R02,2024-08-08,5,7999,0.12,Wholesale,Delivered,35195.6,15395.6
O0703,C029,P012,R08,2024-08-08,4,13999,0.08,Retail Store,Delivered,51516.32,22076.32
O0512,C035,P031,R03,2024-08-09,2,699,0.05,Retail Store,Pending,1328.1,663.1
O0611,C020,P032,R02,2024-08-09,6,1599,0.09,Wholesale,Cancelled,8730.54,4362.54
O0567,C006,P008,R01,2024-08-10,2,59999,0.05,Direct Sales,Cancelled,113998.1,34198.1
O0262,C027,P027,R07,2024-08-11,6,43999,0.06,Online,Returned,248154.36,90234.36
O0122,C002,P018,R01,2024-08-13,3,2499,0.1,Online,Pending,6747.3,3507.3
O0008,C019,P024,R01,2024-08-14,1,175,0.06,Retail Store,Returned,164.5,79.9
O0974,C022,P027,R05,2024-08-15,6,43999,0.13,Wholesale,Pending,229674.78,83514.78
O0953,C021,P028,R05,2024-08-16,10,1099,0.07,Retail Store,Delivered,10220.7,4640.7
O0634,C007,P013,R02,2024-08-17,6,3499,0.1,Direct Sales,Delivered,18894.6,9174.6
O0239,C016,P007,R02,2024-08-18,6,89999,0.1,Wholesale,Cancelled,485994.6,188994.6
O0419,C032,P021,R10,2024-08-18,2,149,0.1,Online,Returned,268.2,124.2
O0999,C005,P024,R01,2024-08-18,5,175,0.07,Direct Sales,Returned,813.75,395.25
O0214,C022,P006,R05,2024-08-19,5,1499,0.08,Retail Store,Returned,6895.4,3215.4
O0770,C017,P024,R03,2024-08-19,5,175,0.03,Retail Store,Delivered,848.75,412.25
O0874,C023,P006,R06,2024-08-19,9,1499,0.09,Online,Pending,12276.81,5724.81
O0015,C017,P028,R03,2024-08-20,3,1099,0.06,Direct Sales,Cancelled,3099.18,1407.18
O0320,C008,P014,R02,2024-08-20,9,1799,0.05,Direct Sales,Pending,15381.45,7686.45
O0536,C034,P026,R01,2024-08-21,6,3299,0.05,Online,Cancelled,18804.3,8544.3
O0593,C004,P028,R03,2024-08-22,3,1099,0.1,Direct Sales,Returned,2967.3,1347.3
O0946,C005,P031,R01,2024-08-22,7,699,0.04,Direct Sales,Delivered,4697.28,2345.28
O0682,C026,P026,R07,2024-08-23,2,3299,0.05,Retail Store,Delivered,6268.1,2848.1
O0148,C029,P023,R08,2024-08-24,7,329,0.13,Wholesale,Returned,2003.61,907.41
O0027,C022,P002,R05,2024-08-25,1,119999,0.06,Retail Store,Delivered,112799.06,32899.06
O0004,C015,P029,R04,2024-08-26,1,2599,0.14,Wholesale,Delivered,2235.14,1031.14
O0002,C035,P006,R03,2024-08-27,2,1499,0.04,Direct Sales,Delivered,2878.08,1342.08
O0816,C012,P030,R01,2024-08-27,2,2199,0.07,Retail Store,Delivered,4090.14,1858.14
O0892,C008,P012,R02,2024-08-28,6,13999,0.06,Retail Store,Delivered,78954.36,33834.36
O0462,C026,P005,R07,2024-08-29,3,24999,0.08,Online,Delivered,68997.24,30357.24
O0869,C032,P008,R10,2024-08-29,2,59999,0.06,Direct Sales,Pending,112798.12,33838.12
O0782,C021,P023,R05,2024-08-31,3,329,0.1,Online,Delivered,888.3,402.3
O0905,C006,P004,R01,2024-08-31,2,29999,0.08,Retail Store,Returned,55198.16,22078.16
O0215,C026,P009,R07,2024-09-01,7,52999,0.07,Online,Returned,345023.49,97643.49
O0845,C025,P012,R05,2024-09-01,5,13999,0.1,Online,Returned,62995.5,26995.5
O0894,C006,P010,R01,2024-09-01,7,65999,0.07,Retail Store,Pending,429653.49,143213.49
O0928,C008,P032,R02,2024-09-01,4,1599,0.02,Retail Store,Pending,6268.08,3132.08
O0767,C003,P019,R02,2024-09-02,5,599,0.08,Online,Delivered,2755.4,1145.4
O0804,C018,P015,R04,2024-09-02,1,6999,0.03,Retail Store,Delivered,6789.03,3394.03
O0177,C021,P025,R05,2024-09-03,10,7999,0.12,Wholesale,Pending,70391.2,30791.2
O0279,C019,P032,R01,2024-09-03,1,1599,0.06,Direct Sales,Delivered,1503.06,751.06
O0133,C025,P013,R05,2024-09-05,5,3499,0.07,Retail Store,Pending,16270.35,7900.35
O0680,C013,P003,R02,2024-09-05,1,64999,0.06,Retail Store,Delivered,61099.06,15979.06
O0749,C030,P018,R09,2024-09-05,3,2499,0.02,Retail Store,Pending,7347.06,3819.06
O0183,C004,P019,R03,2024-09-06,10,599,0.11,Wholesale,Cancelled,5331.1,2216.1
O0676,C010,P031,R02,2024-09-06,5,699,0.05,Direct Sales,Delivered,3320.25,1657.75
O0003,C015,P033,R04,2024-09-08,9,2999,0.08,Online,Pending,24831.72,12411.72
O0379,C020,P021,R02,2024-09-09,3,149,0.05,Retail Store,Pending,424.65,196.65
O0209,C013,P021,R02,2024-09-11,1,149,0.07,Direct Sales,Pending,138.57,64.17
O0524,C018,P027,R04,2024-09-11,4,43999,0.06,Online,Pending,165436.24,60156.24
O0798,C028,P020,R08,2024-09-11,3,299,0.12,Wholesale,Delivered,789.36,366.96
O0906,C008,P006,R02,2024-09-11,10,1499,0.04,Retail Store,Delivered,14390.4,6710.4
O0534,C015,P017,R04,2024-09-14,5,5999,0.13,Wholesale,Pending,26095.65,12175.65
O0823,C035,P001,R03,2024-09-14,10,89999,0.05,Direct Sales,Returned,854990.5,265990.5
O0677,C024,P006,R06,2024-09-15,7,1499,0.09,Online,Cancelled,9548.63,4452.63
O0765,C028,P021,R08,2024-09-15,4,149,0.05,Retail Store,Pending,566.2,262.2
O0833,C019,P028,R01,2024-09-15,10,1099,0.11,Wholesale,Cancelled,9781.1,4441.1
O0211,C034,P034,R01,2024-09-16,5,799,0.04,Retail Store,Pending,3835.2,1915.2
O0295,C023,P017,R06,2024-09-16,4,5999,0.05,Direct Sales,Delivered,22796.2,10636.2
O0575,C029,P012,R08,2024-09-17,10,13999,0.09,Direct Sales,Delivered,127390.9,54590.9
O0900,C023,P028,R06,2024-09-17,5,1099,0.11,Wholesale,Delivered,4890.55,2220.55
O0927,C007,P030,R02,2024-09-17,2,2199,0.07,Retail Store,Delivered,4090.14,1858.14
O0493,C012,P021,R01,2024-09-18,2,149,0.06,Retail Store,Pending,280.12,129.72
O0701,C018,P031,R04,2024-09-19,8,699,0.11,Wholesale,Pending,4976.88,2484.88
O0267,C009,P020,R03,2024-09-21,3,299,0.08,Online,Cancelled,825.24,383.64
O0551,C006,P009,R01,2024-09-21,7,52999,0.08,Direct Sales,Pending,341313.56,96593.56
O0663,C012,P031,R01,2024-09-21,9,699,0.1,Online,Cancelled,5661.9,2826.9
O0834,C023,P009,R06,2024-09-21,8,52999,0.07,Direct Sales,Pending,394312.56,111592.56
O0096,C034,P018,R01,2024-09-22,10,2499,0.07,Direct Sales,Delivered,23240.7,12080.7
O0231,C031,P029,R09,2024-09-22,1,2599,0.1,Online,Delivered,2339.1,1079.1
O0413,C028,P011,R08,2024-09-22,4,7999,0.07,Retail Store,Delivered,29756.28,13016.28
O0441,C035,P035,R03,2024-09-22,5,1799,0.04,Retail Store,Delivered,8635.2,4315.2
O0636,C029,P022,R08,2024-09-23,3,110,0.13,Wholesale,Cancelled,287.1,130.5
O0199,C021,P011,R05,2024-09-24,6,7999,0.09,Direct Sales,Delivered,43674.54,19104.54
O0368,C025,P006,R05,2024-09-25,2,1499,0.14,Wholesale,Delivered,2578.28,1202.28
O0751,C012,P002,R01,2024-09-26,4,119999,0.14,Wholesale,Delivered,412796.56,120396.56
O0825,C016,P018,R02,2024-09-26,3,2499,0.02,Retail Store,Delivered,7347.06,3819.06
O0606,C017,P013,R03,2024-09-27,6,3499,0.09,Direct Sales,Cancelled,19104.54,9276.54
O0695,C031,P024,R09,2024-09-27,10,175,0.12,Wholesale,Delivered,1540.0,748.0
O0962,C014,P006,R01,2024-09-27,1,1499,0.13,Wholesale,Cancelled,1304.13,608.13
O0563,C034,P018,R01,2024-09-29,2,2499,0.05,Retail Store,Cancelled,4748.1,2468.1
O0822,C013,P001,R02,2024-09-29,8,89999,0.09,Wholesale,Pending,655192.72,203832.72
O0756,C032,P034,R10,2024-09-30,4,799,0.09,Wholesale,Cancelled,2908.36,1452.36
O0117,C015,P017,R04,2024-10-02,9,5999,0.05,Retail Store,Delivered,51291.45,23931.45
O0128,C024,P032,R06,2024-10-02,4,1599,0.09,Direct Sales,Delivered,5820.36,2908.36
O0728,C006,P028,R01,2024-10-02,10,1099,0.05,Retail Store,Returned,10440.5,4740.5
O0836,C002,P030,R01,2024-10-02,4,2199,0.09,Online,Cancelled,8004.36,3636.36
O0205,C029,P021,R08,2024-10-04,2,149,0.1,Wholesale,Pending,268.2,124.2
O0270,C002,P032,R01,2024-10-04,5,1599,0.13,Wholesale,Pending,6955.65,3475.65
O0515,C028,P013,R08,2024-10-04,5,3499,0.07,Retail Store,Delivered,16270.35,7900.35
O0960,C030,P001,R09,2024-10-04,6,89999,0.07,Online,Cancelled,502194.42,156234.42
O0440,C033,P019,R10,2024-10-05,7,599,0.07,Direct Sales,Delivered,3899.49,1620.99
O0290,C011,P034,R03,2024-10-06,4,799,0.05,Direct Sales,Delivered,3036.2,1516.2
O0812,C025,P034,R05,2024-10-07,8,799,0.06,Online,Pending,6008.48,3000.48
O0920,C025,P007,R05,2024-10-07,8,89999,0.12,Wholesale,Returned,633592.96,246392.96
O0549,C032,P022,R10,2024-10-08,1,110,0.04,Retail Store,Delivered,105.6,48.0
O0712,C022,P027,R05,2024-10-08,2,43999,0.09,Direct Sales,Delivered,80078.18,29118.18
O0384,C032,P009,R10,2024-10-10,3,52999,0.1,Wholesale,Returned,143097.3,40497.3
O0588,C022,P023,R05,2024-10-10,6,329,0.12,Wholesale,Returned,1737.12,786.72
O0458,C035,P023,R03,2024-10-13,1,329,0.11,Online,Returned,292.81,132.61
O0076,C017,P016,R03,2024-10-14,9,2199,0.14,Wholesale,Pending,17020.26,8506.26
O0895,C016,P029,R02,2024-10-14,6,2599,0.03,Retail Store,Delivered,15126.18,6978.18
O0108,C019,P009,R01,2024-10-15,1,52999,0.05,Direct Sales,Cancelled,50349.05,14249.05
O0997,C017,P020,R03,2024-10-17,5,299,0.05,Direct Sales,Pending,1420.25,660.25
O0810,C035,P034,R03,2024-10-18,8,799,0.08,Online,Pending,5880.64,2936.64
O0350,C012,P035,R01,2024-10-19,2,1799,0.08,Online,Returned,3310.16,1654.16
O0085,C002,P006,R01,2024-10-20,8,1499,0.05,Direct Sales,Delivered,11392.4,5312.4
O0633,C004,P030,R03,2024-10-22,2,2199,0.07,Online,Delivered,4090.14,1858.14
O0871,C021,P032,R05,2024-10-22,3,1599,0.06,Online,Cancelled,4509.18,2253.18
O0911,C026,P012,R07,2024-10-22,9,13999,0.05,Direct Sales,Pending,119691.45,51291.45
O0101,C016,P031,R02,2024-10-23,1,699,0.07,Direct Sales,Delivered,650.07,324.57
O0243,C017,P003,R03,2024-10-24,1,64999,0.04,Retail Store,Returned,62399.04,16319.04
O0309,C011,P030,R03,2024-10-25,1,2199,0.13,Wholesale,Returned,1913.13,869.13
O0490,C028,P032,R08,2024-10-26,9,1599,0.1,Wholesale,Returned,12951.9,6471.9
O0729,C018,P019,R04,2024-10-26,2,599,0.11,Wholesale,Delivered,1066.22,443.22
O0502,C002,P028,R01,2024-10-31,7,1099,0.06,Retail Store,Delivered,7231.42,3283.42
O0924,C008,P014,R02,2024-10-31,9,1799,0.1,Direct Sales,Delivered,14571.9,7281.9
O0140,C010,P027,R02,2024-11-01,5,43999,0.02,Retail Store,Delivered,215595.1,78395.1
O0163,C010,P027,R02,2024-11-01,10,43999,0.1,Online,Pending,395991.0,143991.0
O0178,C007,P008,R02,2024-11-01,4,59999,0.05,Retail Store,Pending,227996.2,68396.2
O0577,C005,P017,R01,2024-11-01,9,5999,0.09,Wholesale,Returned,49131.81,22923.81
O0426,C015,P028,R04,2024-11-02,1,1099,0.09,Online,Delivered,1000.09,454.09
O0184,C014,P010,R01,2024-11-03,2,65999,0.05,Direct Sales,Delivered,125398.1,41798.1
O0268,C010,P011,R02,2024-11-05,10,7999,0.14,Wholesale,Delivered,68791.4,30091.4
O0114,C014,P017,R01,2024-11-07,3,5999,0.06,Online,Cancelled,16917.18,7893.18
O0170,C012,P008,R01,2024-11-07,6,59999,0.06,Online,Delivered,338394.36,101514.36
O0504,C035,P017,R03,2024-11-07,2,5999,0.11,Wholesale,Delivered,10678.22,4982.22
O0539,C004,P026,R03,2024-11-07,1,3299,0.13,Wholesale,Returned,2870.13,1304.13
O0872,C001,P010,R03,2024-11-07,5,65999,0.05,Retail Store,Pending,313495.25,104495.25
O0560,C004,P004,R03,2024-11-08,1,29999,0.09,Online,Delivered,27299.09,10919.09
O0790,C025,P018,R05,2024-11-09,1,2499,0.14,Wholesale,Delivered,2149.14,1117.14
O0064,C022,P021,R05,2024-11-10,5,149,0.09,Online,Cancelled,677.95,313.95
O0138,C025,P025,R05,2024-11-10,1,7999,0.05,Retail Store,Delivered,7599.05,3324.05
O0066,C013,P027,R02,2024-11-11,3,43999,0.08,Direct Sales,Cancelled,121437.24,44157.24
O0236,C027,P012,R07,2024-11-11,6,13999,0.08,Online,Delivered,77274.48,33114.48
O0425,C006,P024,R01,2024-11-11,5,175,0.02,Retail Store,Returned,857.5,416.5
O0491,C023,P015,R06,2024-11-12,5,6999,0.04,Retail Store,Delivered,33595.2,16795.2
O0054,C014,P016,R01,2024-11-13,9,2199,0.07,Online,Pending,18405.63,9198.63
O0740,C024,P004,R06,2024-11-13,4,29999,0.08,Retail Store,Returned,110396.32,44156.32
O0989,C033,P004,R10,2024-11-13,7,29999,0.11,Wholesale,Delivered,186893.77,74753.77
O0193,C032,P034,R10,2024-11-14,7,799,0.09,Wholesale,Cancelled,5089.63,2541.63
O0314,C016,P004,R02,2024-11-14,3,29999,0.08,Online,Pending,82797.24,33117.24
O0029,C016,P018,R02,2024-11-16,3,2499,0.05,Direct Sales,Returned,7122.15,3702.15
O0056,C022,P027,R05,2024-11-16,2,43999,0.04,Retail Store,Pending,84478.08,30718.08
O0182,C004,P022,R03,2024-11-17,7,110,0.07,Online,Returned,716.1,325.5
O0216,C022,P009,R05,2024-11-17,7,52999,0.09,Online,Cancelled,337603.63,95543.63
O0601,C010,P004,R02,2024-11-17,3,29999,0.06,Online,Delivered,84597.18,33837.18
O0879,C010,P019,R02,2024-11-17,2,599,0.03,Retail Store,Returned,1162.06,483.06
O0940,C012,P011,R01,2024-11-17,6,7999,0.05,Online,Delivered,45594.3,19944.3
O0781,C006,P008,R01,2024-11-18,6,59999,0.07,Direct Sales,Delivered,334794.42,100434.42
O0158,C030,P024,R09,2024-11-19,6,175,0.13,Wholesale,Delivered,913.5,443.7
O0969,C029,P024,R08,2024-11-20,8,175,0.06,Online,Delivered,1316.0,639.2
O0762,C007,P023,R02,2024-11-21,7,329,0.08,Direct Sales,Delivered,2118.76,959.56
O0469,C033,P004,R10,2024-11-24,3,29999,0.11,Wholesale,Delivered,80097.33,32037.33
O0532,C015,P015,R04,2024-11-24,7,6999,0.04,Retail Store,Cancelled,47033.28,23513.28
O0629,C010,P020,R02,2024-11-24,1,299,0.15,Wholesale,Cancelled,254.15,118.15
O0902,C034,P022,R01,2024-11-24,1,110,0.04,Retail Store,Returned,105.6,48.0
O0797,C025,P034,R05,2024-11-25,10,799,0.05,Retail Store,Delivered,7590.5,3790.5
O0212,C027,P022,R07,2024-11-26,6,110,0.1,Online,Delivered,594.0,270.0
O0415,C018,P033,R04,2024-11-26,7,2999,0.06,Online,Delivered,19733.42,9863.42
O0018,C017,P001,R03,2024-11-27,9,89999,0.09,Online,Delivered,737091.81,229311.81
O0529,C026,P008,R07,2024-11-28,8,59999,0.06,Online,Cancelled,451192.48,135352.48
O0257,C029,P006,R08,2024-11-29,2,1499,0.13,Wholesale,Cancelled,2608.26,1216.26
O0382,C035,P012,R03,2024-11-29,8,13999,0.11,Online,Returned,99672.88,42712.88
O0422,C032,P022,R10,2024-11-29,8,110,0.05,Online,Delivered,836.0,380.0
O0616,C016,P003,R02,2024-11-29,2,64999,0.11,Wholesale,Pending,115698.22,30258.22
O0899,C021,P034,R05,2024-11-30,9,799,0.06,Online,Returned,6759.54,3375.54
O0537,C019,P020,R01,2024-12-01,6,299,0.08,Online,Delivered,1650.48,767.28
O0662,C034,P033,R01,2024-12-01,10,2999,0.09,Direct Sales,Delivered,27290.9,13640.9
O0799,C009,P035,R03,2024-12-01,5,1799,0.07,Retail Store,Returned,8365.35,4180.35
O0240,C022,P012,R05,2024-12-02,8,13999,0.1,Direct Sales,Returned,100792.8,43192.8
O0605,C025,P027,R05,2024-12-02,1,43999,0.15,Wholesale,Delivered,37399.15,13599.15
O0165,C024,P007,R06,2024-12-03,6,89999,0.12,Wholesale,Delivered,475194.72,184794.72
O0698,C023,P026,R06,2024-12-03,2,3299,0.05,Retail Store,Returned,6268.1,2848.1
O0049,C022,P014,R05,2024-12-04,5,1799,0.12,Wholesale,Delivered,7915.6,3955.6
O0063,C034,P035,R01,2024-12-04,2,1799,0.04,Retail Store,Returned,3454.08,1726.08
O0998,C012,P032,R01,2024-12-05,5,1599,0.02,Retail Store,Pending,7835.1,3915.1
O0746,C013,P002,R02,2024-12-06,3,119999,0.06,Direct Sales,Delivered,338397.18,98697.18
O0164,C018,P003,R04,2024-12-07,8,64999,0.1,Wholesale,Delivered,467992.8,122392.8
O0315,C033,P020,R10,2024-12-07,5,299,0.09,Online,Delivered,1360.45,632.45
O0573,C018,P025,R04,2024-12-07,3,7999,0.09,Direct Sales,Delivered,21837.27,9552.27
O0521,C026,P022,R07,2024-12-08,8,110,0.02,Retail Store,Delivered,862.4,392.0
O0686,C035,P017,R03,2024-12-11,10,5999,0.1,Direct Sales,Pending,53991.0,25191.0
O0868,C022,P035,R05,2024-12-11,2,1799,0.03,Retail Store,Returned,3490.06,1744.06
O0934,C019,P027,R01,2024-12-11,4,43999,0.08,Direct Sales,Delivered,161916.32,58876.32
O0380,C021,P019,R05,2024-12-12,4,599,0.1,Direct Sales,Delivered,2156.4,896.4
O0562,C010,P014,R02,2024-12-12,2,1799,0.07,Online,Returned,3346.14,1672.14
O0073,C015,P012,R04,2024-12-13,4,13999,0.04,Direct Sales,Delivered,53756.16,23036.16
O0604,C016,P033,R02,2024-12-13,1,2999,0.13,Wholesale,Pending,2609.13,1304.13
O0483,C016,P021,R02,2024-12-15,1,149,0.14,Wholesale,Returned,128.14,59.34
O0674,C015,P029,R04,2024-12-17,9,2599,0.03,Retail Store,Pending,22689.27,10467.27
O0160,C005,P030,R01,2024-12-18,2,2199,0.13,Wholesale,Delivered,3826.26,1738.26
O0517,C030,P001,R09,2024-12-18,3,89999,0.05,Direct Sales,Delivered,256497.15,79797.15
O0702,C014,P027,R01,2024-12-18,7,43999,0.11,Wholesale,Delivered,274113.77,99673.77
O0716,C016,P017,R02,2024-12-18,7,5999,0.06,Online,Delivered,39473.42,18417.42
O0416,C018,P009,R04,2024-12-19,6,52999,0.03,Retail Store,Delivered,308454.18,87294.18
O0492,C012,P001,R01,2024-12-19,10,89999,0.09,Direct Sales,Delivered,818990.9,254790.9
O0926,C003,P016,R02,2024-12-19,1,2199,0.02,Retail Store,Delivered,2155.02,1077.02
O0621,C014,P035,R01,2024-12-20,2,1799,0.08,Direct Sales,Returned,3310.16,1654.16
O0255,C017,P017,R03,2024-12-21,10,5999,0.05,Direct Sales,Delivered,56990.5,26590.5
O0649,C021,P007,R05,2024-12-21,5,89999,0.14,Wholesale,Cancelled,386995.7,150495.7
O0673,C020,P023,R02,2024-12-23,2,329,0.08,Direct Sales,Returned,605.36,274.16
O0747,C003,P032,R02,2024-12-24,9,1599,0.07,Direct Sales,Returned,13383.63,6687.63
O0107,C020,P001,R02,2024-12-26,1,89999,0.04,Retail Store,Cancelled,86399.04,26879.04
O0835,C012,P015,R01,2024-12-26,1,6999,0.15,Wholesale,Delivered,5949.15,2974.15
O0198,C028,P026,R08,2024-12-27,7,3299,0.06,Direct Sales,Delivered,21707.42,9863.42
O0598,C023,P009,R06,2024-12-28,6,52999,0.05,Retail Store,Returned,302094.3,85494.3
O0678,C034,P019,R01,2024-12-29,3,599,0.11,Online,Returned,1599.33,664.83
O0541,C013,P022,R02,2024-12-31,8,110,0.06,Retail Store,Returned,827.2,376.0
